Q1,NumTheaters,ProductionBudget,Q2,Nom,G,Title,Oscar,PG13,NC17,ReleaseDate,ReleaseLength,R,PG,Q4,Win,Rating,Unrated,Runtime,Q3,TotalBoxOffice
1,2479,20000000,0,0,0,The Crazies,0,0,0,"February 26, 2010",84,1,0,0,0,R,0,101,0,39123589
0,3434,70000000,0,0,0,Yes Man,0,1,0,"December 19, 2008",105,0,0,1,0,PG-13,0,104,0,97690976
1,2704,40000000,0,0,0,The Mechanic,0,0,0,"January 28, 2011",70,1,0,0,0,R,0,100,0,29121498
0,2335,20000000,1,0,0,Lockout,0,1,0,"April 13, 2012",42,0,0,0,0,PG-13,0,110,0,14326864
0,2304,40000000,0,0,0,Fantastic Mr. Fox,0,0,0,"November 13, 2009",147,0,1,1,0,PG,0,87,0,21002919
0,2553,35000000,0,0,1,The Country Bears,0,0,0,"July 26, 2002",105,0,0,0,0,G,0,88,1,16990825
1,3749,250000000,0,0,0,John Carter,0,1,0,"March 9, 2012",112,0,0,0,0,PG-13,0,132,0,73078100
0,897,3000000,1,0,0,Letters to God,0,0,0,"April 9, 2010",84,0,1,0,0,PG,0,110,0,2848578
0,3006,55000000,0,0,0,3:10 to Yuma (2007),0,0,0,"September 7, 2007",70,1,0,0,0,R,0,117,1,53606916
1,1939,17000000,0,0,0,Brooklyn's Finest,0,0,0,"March 5, 2010",77,1,0,0,0,R,0,133,0,27163593
0,66,13000000,0,0,0,Attack the Block,0,0,0,"July 29, 2011",63,1,0,0,0,R,0,88,1,1024175
1,739,10000000,0,0,0,Danny Collins,0,0,0,"March 20, 2015",77,1,0,0,0,R,0,106,0,5637066
0,4,5500000,0,0,0,Salvation Boulevard,0,0,0,"July 15, 2011",42,1,0,0,0,R,0,96,1,28468
0,54,10000000,0,0,0,Spider,0,0,0,"December 20, 2002",224,1,0,1,0,R,0,98,0,1642483
0,4207,225000000,1,0,0,Man of Steel,0,1,0,"June 14, 2013",98,0,0,0,0,PG-13,0,143,0,291045518
0,3648,150000000,0,0,0,I Am Legend,0,1,0,"December 14, 2007",119,0,0,1,0,PG-13,0,100,0,256393010
1,3223,150000000,0,0,0,The Wolfman,0,0,0,"February 12, 2010",49,1,0,0,0,R,0,102,0,61979680
0,307,23000000,0,0,0,Coco Before Chanel,0,1,0,"September 25, 2009",140,0,0,0,0,PG-13,0,110,1,6113834
0,701,12000000,0,0,0,Cadillac Records,0,0,0,"December 5, 2008",35,1,0,1,0,R,0,108,0,8195551
0,1639,20000000,0,0,0,An American Carol,0,1,0,"October 3, 2008",42,0,0,1,0,PG-13,0,83,0,7013191
0,2859,75000000,1,0,0,Killers,0,1,0,"June 4, 2010",77,0,0,0,0,PG-13,0,100,0,47059963
0,2648,5000000,1,0,0,Oculus,0,0,0,"April 11, 2014",77,1,0,0,0,R,0,105,0,27695246
0,1,30000000,0,0,0,Side Effects,0,0,0,"September 9, 2005",7,1,0,0,0,R,0,98,1,2216
1,1166,12000000,0,0,0,The Upside of Anger,0,0,0,"March 11, 2005",112,1,0,0,0,R,0,118,0,18761993
1,2809,8000000,0,0,0,That Awkward Moment,0,0,0,"January 31, 2014",63,1,0,0,0,R,0,94,0,26068955
0,58,13400000,1,0,0,The Last Godfather,0,1,0,"April 1, 2011",21,0,0,0,0,PG-13,0,100,0,164247
0,1290,20000000,0,0,0,Appaloosa,0,0,0,"September 19, 2008",126,1,0,0,0,R,0,108,1,20211394
0,3184,43000000,1,0,0,The Heat,0,0,0,"June 28, 2013",168,1,0,0,0,R,0,117,0,159582188
0,3257,90000000,0,0,1,Toy Story 2,0,0,0,"November 19, 1999",245,0,0,1,0,G,0,92,0,245852179
0,354,1500000,1,0,0,The Lords of Salem,0,0,0,"April 19, 2013",28,1,0,0,0,R,0,100,0,1165882
0,2719,15000000,0,0,1,Ramona and Beezus,0,0,0,"July 23, 2010",112,0,0,0,0,G,0,104,1,26167002
1,3890,60000000,0,0,0,The LEGO Movie,0,0,0,"February 7, 2014",210,0,1,0,0,PG,0,100,0,257760692
1,1860,2000000,0,0,0,God's Not Dead,0,0,0,"March 21, 2014",140,0,1,0,0,PG,0,113,0,60755732
0,1743,18500000,0,0,0,The Invention of Lying,0,1,0,"October 2, 2009",77,0,0,1,0,PG-13,0,100,0,18451251
1,2753,65000000,0,0,0,"I, Frankenstein",0,1,0,"January 24, 2014",56,0,0,0,0,PG-13,0,92,0,19075290
0,7,18000000,0,0,0,Carlos,0,0,0,"October 15, 2010",98,0,0,1,0,Unrated,1,140,0,145526
0,1789,1000000,0,0,0,Cry Wolf,0,1,0,"September 16, 2005",49,0,0,0,0,PG-13,0,90,1,10047674
0,3753,125000000,0,0,0,The Bourne Legacy,0,1,0,"August 10, 2012",91,0,0,0,0,PG-13,0,135,1,113203870
0,570,7000000,0,0,0,Get Low,0,1,0,"July 30, 2010",210,0,0,0,0,PG-13,0,100,1,9176933
0,8,2000000,0,0,0,The Hebrew Hammer,0,0,0,"December 19, 2003",49,0,0,1,0,Unrated,1,85,0,82157
0,2799,10000000,0,0,0,Sinister 2,0,0,0,"August 21, 2015",70,1,0,0,0,R,0,97,1,27740955
1,3204,43000000,0,0,0,Elektra,0,1,0,"January 14, 2005",77,0,0,0,0,PG-13,0,97,0,24409722
1,10,9000000,0,0,0,The Girl on the Train,0,0,0,"January 22, 2010",175,0,0,0,0,Unrated,1,105,0,208023
1,3228,30000000,0,0,0,Bride Wars,0,0,0,"January 9, 2009",126,0,1,0,0,PG,0,90,0,58715510
0,3612,110000000,0,0,0,Salt,0,1,0,"July 23, 2010",98,0,0,0,0,PG-13,0,99,1,118311368
0,29,6000000,1,0,0,The Last Mistress,0,0,0,"June 27, 2008",105,0,0,0,0,Unrated,1,109,0,785671
0,550,20000000,0,0,0,Birth,0,0,0,"October 29, 2004",77,1,0,1,0,R,0,100,0,5095038
1,2908,12000000,0,0,0,Chronicle (2012),0,1,0,"February 3, 2012",126,0,0,0,0,PG-13,0,83,0,64575175
0,2801,6000000,0,0,0,The Words,0,1,0,"September 7, 2012",28,0,0,0,0,PG-13,0,96,1,11494838
0,1474,20000000,0,0,0,12 Years a Slave,1,0,0,"October 18, 2013",203,1,0,1,1,R,0,133,0,56671993
1,2023,6000000,0,0,0,Movie 43,0,0,0,"January 25, 2013",49,1,0,0,0,R,0,97,0,8840453
1,2622,8500000,0,0,0,The DUFF,0,1,0,"February 20, 2015",84,0,0,0,0,PG-13,0,101,0,34030343
0,2714,65000000,0,0,0,Mona Lisa Smile,0,1,0,"December 19, 2003",84,0,0,1,0,PG-13,0,117,0,63860942
0,3320,32000000,0,0,0,Transporter 2,0,1,0,"September 2, 2005",119,0,0,0,0,PG-13,0,88,1,43095856
0,3280,35000000,1,0,0,The Back-Up Plan,0,1,0,"April 23, 2010",91,0,0,0,0,PG-13,0,98,0,37490007
0,2629,60000000,0,0,0,Reign of Fire,0,1,0,"July 12, 2002",105,0,0,0,0,PG-13,0,109,1,43061982
0,2575,40000000,0,0,0,City by the Sea,0,0,0,"September 6, 2002",70,1,0,0,0,R,0,108,1,22448879
1,4,3000000,0,0,0,Every Day,0,0,0,"January 14, 2011",70,1,0,0,0,R,0,93,0,46029
0,44,2500000,1,0,0,The Mother,0,0,0,"May 28, 2004",168,1,0,0,0,R,0,112,0,1063163
0,217,10000000,1,0,0,The Joneses,0,0,0,"April 16, 2010",91,1,0,0,0,R,0,95,0,1475746
1,3230,35000000,0,0,0,Identity Thief,0,0,0,"February 8, 2013",119,1,0,0,0,R,0,111,0,134506920
1,2806,40000000,0,0,0,Paul,0,0,0,"March 18, 2011",63,1,0,0,0,R,0,100,0,37412945
0,76,6000000,1,0,0,Mickey,0,0,0,"April 30, 2004",42,0,1,0,0,PG,0,90,0,294758
0,2747,42000000,1,0,0,High Crimes,0,1,0,"April 5, 2002",140,0,0,0,0,PG-13,0,115,0,41543917
1,269,6000000,0,0,0,City Island,0,1,0,"March 19, 2010",168,0,0,0,0,PG-13,0,100,0,6671036
0,1355,16000000,1,0,0,A Mighty Heart,0,0,0,"June 22, 2007",63,1,0,0,0,R,0,108,0,9176787
0,3812,110000000,1,0,0,San Andreas,0,1,0,"May 29, 2015",140,0,0,0,0,PG-13,0,114,0,155190832
0,3515,80000000,0,0,0,Yogi Bear,0,0,0,"December 17, 2010",112,0,1,1,0,PG,0,82,0,100246011
0,3330,30000000,0,0,0,Lee Daniels' The Butler,0,1,0,"August 16, 2013",182,0,0,0,0,PG-13,0,132,1,116632095
1,3125,70000000,0,0,0,Fool's Gold,0,1,0,"February 8, 2008",112,0,0,0,0,PG-13,0,110,0,70231041
0,2738,16000000,0,0,0,Jennifer's Body,0,0,0,"September 18, 2009",70,1,0,0,0,R,0,102,1,16204793
0,3214,20000000,0,0,0,The Grudge 2,0,1,0,"October 13, 2006",35,0,0,1,0,PG-13,0,95,0,39143839
1,3365,54000000,0,0,0,V for Vendetta,0,0,0,"March 17, 2006",105,1,0,0,0,R,0,131,0,70511035
0,10,200000,0,0,0,Malevolence,0,0,0,"September 10, 2004",245,1,0,0,0,R,0,90,1,127287
0,888,30000000,0,0,0,An Unfinished Life,0,1,0,"September 9, 2005",42,0,0,0,0,PG-13,0,100,1,8586392
0,2610,21000000,0,0,0,The Transporter,0,1,0,"October 11, 2002",105,0,0,1,0,PG-13,0,92,0,25296447
0,2647,28000000,1,0,0,Brick Mansions,0,1,0,"April 25, 2014",70,0,0,0,0,PG-13,0,90,0,20396829
0,3701,110000000,0,0,0,The Bourne Ultimatum,0,1,0,"August 3, 2007",119,0,0,0,0,PG-13,0,111,1,227471070
0,1,425000,0,0,0,The Dogwalker (2002),0,0,0,"September 13, 2002",14,0,0,0,0,Unrated,1,105,1,7420
0,2594,75000000,0,0,0,Charlie Wilson's War,0,0,0,"December 21, 2007",77,1,0,1,0,R,0,97,0,66661095
1,350,14000000,0,0,0,Chloe,0,0,0,"March 26, 2010",112,1,0,0,0,R,0,96,0,3075255
1,3545,150000000,0,0,0,Wrath of the Titans,0,1,0,"March 30, 2012",91,0,0,0,0,PG-13,0,99,0,83670083
1,3611,130000000,0,0,0,Watchmen,0,0,0,"March 6, 2009",84,1,0,0,0,R,0,163,0,107509799
0,126,8000000,0,0,0,Restless (2011),0,1,0,"September 16, 2011",98,0,0,0,0,PG-13,0,91,1,163265
0,388,30000000,0,0,0,The Human Stain,0,0,0,"October 31, 2003",98,1,0,1,0,R,0,110,0,5381908
0,1117,20000000,0,0,0,Undisputed,0,0,0,"August 23, 2002",70,1,0,0,0,R,0,96,1,12764657
1,3181,56000000,0,0,0,The Pacifier,0,0,0,"March 4, 2005",133,0,1,0,0,PG,0,91,0,113086868
0,3528,180000000,0,0,0,The Golden Compass,0,1,0,"December 7, 2007",91,0,0,1,0,PG-13,0,113,0,70107728
0,56,9600000,1,0,0,The Lost City,0,0,0,"April 28, 2006",119,1,0,0,0,R,0,143,0,2484186
0,2881,80000000,0,0,0,The Haunting,0,1,0,"July 23, 1999",112,0,0,0,0,PG-13,0,113,1,91411151
0,2150,5000000,0,0,0,Clerks II,0,0,0,"July 21, 2006",70,1,0,0,0,R,0,97,1,24148068
0,177,15000000,1,0,0,Solitary Man,0,0,0,"May 21, 2010",140,1,0,0,0,R,0,90,0,4360548
0,2638,31000000,0,0,0,Flight,0,0,0,"November 2, 2012",105,1,0,1,0,R,0,139,0,93772375
0,1871,15000000,1,0,0,United 93,0,0,0,"April 28, 2006",70,1,0,0,0,R,0,90,0,31483450
1,3150,30000000,0,0,0,Cop Out,0,0,0,"February 26, 2010",84,1,0,0,0,R,0,110,0,44875481
0,2664,50000000,0,0,0,Dream House,0,1,0,"September 30, 2011",49,0,0,0,0,PG-13,0,92,1,21302340
0,3275,30000000,1,0,0,Fever Pitch,0,1,0,"April 8, 2005",126,0,0,0,0,PG-13,0,98,0,42071069
0,3167,10000000,0,0,0,Saw III,0,0,0,"October 27, 2006",49,1,0,1,0,R,0,107,0,80238724
0,2477,9000000,1,0,0,The Strangers,0,0,0,"May 30, 2008",56,1,0,0,0,R,0,107,0,52597610
0,3036,26000000,0,0,0,Delivery Man,0,1,0,"November 22, 2013",119,0,0,1,0,PG-13,0,105,0,30664106
1,2379,65000000,0,0,0,Zodiac,0,0,0,"March 2, 2007",63,1,0,0,0,R,0,156,0,33080084
1,2816,40000000,0,0,0,The Gunman,0,0,0,"March 20, 2015",42,1,0,0,0,R,0,115,0,10664749
0,231,5000000,0,0,0,Twelve,0,0,0,"August 6, 2010",14,1,0,0,0,R,0,98,1,183920
1,3223,95000000,0,0,0,The Road to El Dorado,0,0,0,"March 31, 2000",91,0,1,0,0,PG,0,99,0,50863742
0,3127,40000000,0,0,0,In Time,0,1,0,"October 28, 2011",98,0,0,1,0,PG-13,0,109,0,37520095
1,2655,60000000,0,0,0,Inkheart,0,0,0,"January 23, 2009",77,0,1,0,0,PG,0,106,0,17303424
1,2818,30000000,0,0,1,The Tigger Movie,0,0,0,"February 11, 2000",161,0,0,0,0,G,0,77,0,45554533
0,50,6500000,0,0,0,The Messenger,0,0,0,"November 13, 2009",182,1,0,1,0,R,0,105,0,1109660
1,2704,50000000,0,0,0,Twisted,0,0,0,"February 27, 2004",91,1,0,0,0,R,0,97,0,25198598
1,20,425000,0,0,0,The Home Teachers,0,0,0,"January 9, 2004",98,0,1,0,0,PG,0,81,0,203917
0,2727,18000000,1,0,0,Observe and Report,0,0,0,"April 10, 2009",70,1,0,0,0,R,0,106,0,24007324
1,3612,75000000,0,0,0,50 First Dates,0,1,0,"February 13, 2004",147,0,0,0,0,PG-13,0,96,0,120908074
0,2206,32000000,0,0,0,Takers,0,1,0,"August 27, 2010",84,0,0,0,0,PG-13,0,107,1,57744720
0,2867,80000000,0,0,0,The Manchurian Candidate,0,0,0,"July 30, 2004",112,1,0,0,0,R,0,130,1,65955630
0,3255,35000000,1,0,0,What Happens in Vegas,0,1,0,"May 9, 2008",133,0,0,0,0,PG-13,0,99,0,80277646
0,1,4500000,0,0,0,Art of Submission,0,1,0,"September 21, 2012",7,0,0,0,0,PG-13,0,119,1,9004
1,3188,14000000,0,0,0,Because of Winn-Dixie,0,0,0,"February 18, 2005",126,0,1,0,0,PG,0,106,0,32647042
0,1962,45000000,1,0,0,Unleashed,0,0,0,"May 13, 2005",63,1,0,0,0,R,0,103,0,24537621
0,13,8000000,0,0,0,Wild Target,0,1,0,"October 29, 2010",49,0,0,1,0,PG-13,0,98,0,108589
0,2752,25000000,0,0,0,The Sitter,0,0,0,"December 9, 2011",70,1,0,1,0,R,0,100,0,30441326
0,3058,110000000,1,0,0,Home on the Range,0,0,0,"April 2, 2004",147,0,1,0,0,PG,0,76,0,50030461
0,2734,20000000,0,0,0,The Stepfather (2009),0,1,0,"October 16, 2009",42,0,0,1,0,PG-13,0,101,0,29062561
0,1348,32000000,0,0,0,A History of Violence,0,0,0,"September 23, 2005",140,1,0,0,0,R,0,96,1,31504633
0,457,3300000,0,0,0,Bella,0,1,0,"October 26, 2007",252,0,0,1,0,PG-13,0,91,0,8070537
0,3534,80000000,1,0,0,Grown Ups,0,1,0,"June 25, 2010",126,0,0,0,0,PG-13,0,102,0,162001186
1,3120,34000000,0,0,0,TMNT,0,0,0,"March 23, 2007",91,0,1,0,0,PG,0,90,0,54149098
1,3156,60000000,0,0,0,I Am Number Four,0,1,0,"February 18, 2011",105,0,0,0,0,PG-13,0,104,0,55100437
1,725,5000000,0,0,0,Not Easily Broken,0,1,0,"January 9, 2009",35,0,0,0,0,PG-13,0,99,0,10572742
0,2758,55000000,0,0,0,Seven Pounds,0,1,0,"December 19, 2008",42,0,0,1,0,PG-13,0,118,0,69951824
0,2854,80000000,1,0,1,The Wild,0,0,0,"April 14, 2006",126,0,0,0,0,G,0,94,0,37384046
0,204,2700000,0,0,0,Before Sunset,0,0,0,"July 2, 2004",133,1,0,0,0,R,0,80,1,5820649
0,1098,27000000,0,0,0,Closer,0,0,0,"December 3, 2004",77,1,0,1,0,R,0,98,0,33987757
0,402,12000000,0,0,0,No Good Deed,0,0,0,"September 12, 2003",7,1,0,0,0,R,0,97,1,181600
0,3984,150000000,0,0,0,Bee Movie,0,0,0,"November 2, 2007",105,0,1,1,0,PG,0,90,0,126631277
0,21,20000000,0,0,0,The Tempest,0,1,0,"December 10, 2010",77,0,0,1,0,PG-13,0,110,0,277943
0,3065,30000000,1,0,0,Kick-Ass,0,0,0,"April 16, 2010",77,1,0,0,0,R,0,117,0,48071303
1,2256,35200000,0,0,0,Head of State,0,1,0,"March 28, 2003",112,0,0,0,0,PG-13,0,95,0,38125247
1,2359,16000000,0,0,0,The Unborn (2009),0,1,0,"January 9, 2009",56,0,0,0,0,PG-13,0,88,0,42670410
0,2510,30000000,1,0,0,Drag Me to Hell,0,1,0,"May 29, 2009",70,0,0,0,0,PG-13,0,99,0,42100625
1,2544,7000000,0,0,0,Devil's Due,0,0,0,"January 17, 2014",63,1,0,0,0,R,0,89,0,15821461
0,3555,160000000,1,0,0,Poseidon,0,1,0,"May 12, 2006",91,0,0,0,0,PG-13,0,99,0,60674817
0,3152,60000000,0,0,0,Righteous Kill,0,0,0,"September 12, 2008",105,1,0,0,0,R,0,101,1,40081410
0,3018,15000000,1,0,0,Hoot,0,0,0,"May 5, 2006",35,0,1,0,0,PG,0,90,0,8117637
0,26,2300000,0,0,0,Redemption Road,0,1,0,"August 26, 2011",14,0,0,0,0,PG-13,0,90,1,29384
0,3972,190000000,1,0,0,Tomorrowland,0,0,0,"May 22, 2015",119,0,1,0,0,PG,0,130,0,93436322
0,2955,85000000,0,0,0,It's Complicated,0,0,0,"December 25, 2009",98,1,0,1,0,R,0,118,0,112735375
0,2775,1000000,1,0,0,Unfriended,0,0,0,"April 17, 2015",42,1,0,0,0,R,0,83,0,32482090
0,2548,20000000,0,0,0,You Again,0,0,0,"September 24, 2010",84,0,1,0,0,PG,0,105,1,25702053
0,2206,14000000,0,0,0,My Boss's Daughter,0,1,0,"August 22, 2003",84,0,0,0,0,PG-13,0,86,1,15550605
0,3358,70000000,0,0,0,Inglourious Basterds,0,0,0,"August 21, 2009",119,1,0,0,0,R,0,152,1,120540719
0,2882,35000000,1,0,0,The Devil Wears Prada,0,1,0,"June 30, 2006",168,0,0,0,0,PG-13,0,106,0,124740460
1,2847,50200000,0,0,0,The Adjustment Bureau,0,1,0,"March 4, 2011",84,0,0,0,0,PG-13,0,99,0,62495645
1,2966,84000000,0,0,0,Son of the Mask,0,0,0,"February 18, 2005",70,0,1,0,0,PG,0,86,0,17018422
0,2654,45000000,0,0,0,Bangkok Dangerous,0,0,0,"September 5, 2008",49,1,0,0,0,R,0,100,1,15298133
0,882,4000000,0,1,0,Lost in Translation,1,0,0,"September 12, 2003",196,1,0,0,0,R,0,102,1,44585453
1,3052,42000000,0,0,0,Along Came Polly,0,1,0,"January 16, 2004",140,0,0,0,0,PG-13,0,90,0,88097164
0,2530,110000000,0,1,0,The Aviator,1,1,0,"December 17, 2004",168,0,0,1,0,PG-13,0,168,0,102610330
0,3134,26000000,0,0,0,Red Eye,0,1,0,"August 19, 2005",56,0,0,0,0,PG-13,0,85,1,57891803
0,2141,21000000,0,0,0,Everybody's Fine,0,1,0,"December 4, 2009",21,0,0,1,0,PG-13,0,95,0,9208876
0,3091,30000000,0,0,0,The Family (2013),0,0,0,"September 13, 2013",119,1,0,0,0,R,0,112,1,36918811
0,272,3000000,1,0,0,Please Give,0,0,0,"April 30, 2010",175,1,0,0,0,R,0,90,0,4033574
0,5,850000,0,0,0,Keane,0,0,0,"September 9, 2005",28,1,0,0,0,R,0,100,1,33256
0,2574,20000000,0,0,0,Lakeview Terrace,0,1,0,"September 19, 2008",49,0,0,0,0,PG-13,0,110,1,39263506
0,1273,20000000,0,0,0,How High,0,0,0,"December 21, 2001",70,1,0,1,0,R,0,93,0,31178740
0,1103,1700000,0,1,0,In the Bedroom,1,0,0,"November 23, 2001",175,1,0,1,0,R,0,130,0,35930604
0,3139,20000000,0,0,0,Jackass 3-D,0,0,0,"October 15, 2010",98,1,0,1,0,R,0,94,0,117229692
0,2505,22000000,0,0,0,The Informant!,0,0,0,"September 18, 2009",91,1,0,0,0,R,0,108,1,33316821
1,3216,53000000,0,0,0,Be Cool,0,1,0,"March 4, 2005",63,0,0,0,0,PG-13,0,104,0,56046979
0,3412,5000000,0,0,0,Paranormal Activity 4,0,0,0,"October 19, 2012",77,1,0,1,0,R,0,95,0,53900335
0,3329,5000000,0,0,0,Paranormal Activity 3,0,0,0,"October 21, 2011",77,1,0,1,0,R,0,81,0,104028807
0,3239,3000000,0,0,0,Paranormal Activity 2,0,0,0,"October 22, 2010",91,1,0,1,0,R,0,91,0,84752907
0,2725,44000000,0,0,0,Charlie St. Cloud,0,1,0,"July 30, 2010",49,0,0,0,0,PG-13,0,90,1,31162545
0,65,2000000,0,0,0,Paradise Now,0,1,0,"October 28, 2005",147,0,0,1,0,PG-13,0,90,0,1457843
0,3114,30000000,0,0,0,Fright Night (2011),0,0,0,"August 19, 2011",84,1,0,0,0,R,0,106,1,18302607
0,2778,28000000,0,0,0,American Ultra,0,0,0,"August 21, 2015",49,1,0,0,0,R,0,96,1,14440985
0,2402,21000000,0,0,0,We Own the Night,0,0,0,"October 12, 2007",35,1,0,1,0,R,0,118,0,28563179
0,2557,50000000,0,0,0,Dredd,0,0,0,"September 21, 2012",42,1,0,0,0,R,0,95,1,13414714
0,2465,40000000,0,0,0,Apocalypto,0,0,0,"December 8, 2006",91,1,0,1,0,R,0,138,0,50866635
1,3066,80000000,0,0,0,Edge of Darkness,0,0,0,"January 29, 2010",70,1,0,0,0,R,0,108,0,43313890
0,700,10000000,0,0,0,The Brothers Solomon,0,0,0,"September 7, 2007",21,1,0,0,0,R,0,91,1,900926
0,2629,67000000,1,0,0,Grindhouse,0,0,0,"April 6, 2007",77,1,0,0,0,R,0,191,0,25037897
0,3894,100000000,1,0,0,Epic,0,0,0,"May 24, 2013",119,0,1,0,0,PG,0,102,0,107518682
0,2917,23000000,0,0,0,Accepted,0,1,0,"August 18, 2006",63,0,0,0,0,PG-13,0,90,1,36323505
0,2436,30000000,0,0,0,Like Mike,0,0,0,"July 3, 2002",140,0,1,0,0,PG,0,100,1,51432760
0,3030,32000000,0,0,0,Going the Distance,0,0,0,"September 3, 2010",49,1,0,0,0,R,0,97,1,17804299
1,3171,50000000,0,0,0,Run All Night,0,0,0,"March 13, 2015",56,1,0,0,0,R,0,114,0,26461644
0,3706,45000000,0,0,0,Taken 2,0,1,0,"October 5, 2012",140,0,0,1,0,PG-13,0,91,0,139854287
1,3594,48000000,0,0,0,Taken 3,0,1,0,"January 9, 2015",126,0,0,0,0,PG-13,0,109,0,89256424
0,2975,38000000,0,0,0,The Ugly Truth,0,0,0,"July 24, 2009",77,1,0,0,0,R,0,96,1,88915214
0,8,14000000,0,0,0,An Everlasting Piece,0,0,0,"December 22, 2000",28,1,0,1,0,R,0,103,0,75228
0,2534,25000000,0,1,0,The Fighter,1,0,0,"December 10, 2010",112,1,0,1,0,R,0,114,0,93617009
0,3371,34000000,1,0,0,The Longest Ride,0,1,0,"April 10, 2015",91,0,0,0,0,PG-13,0,139,0,37446117
0,3044,25000000,0,0,0,The Counselor,0,0,0,"October 25, 2013",84,1,0,1,0,R,0,117,0,16973715
0,3505,178000000,1,0,0,Edge of Tomorrow,0,1,0,"June 6, 2014",98,0,0,0,0,PG-13,0,113,0,100206256
0,3595,100000000,0,0,0,Hercules (2014),0,1,0,"July 25, 2014",84,0,0,0,0,PG-13,0,98,1,72688614
0,1411,25000000,0,1,0,Finding Neverland,1,0,0,"November 12, 2004",168,0,1,1,0,PG,0,101,0,51680613
0,1652,3000000,0,0,0,Waiting...,0,0,0,"October 7, 2005",42,1,0,1,0,R,0,93,0,16124543
0,2591,3000000,1,0,0,The Purge,0,0,0,"June 7, 2013",63,1,0,0,0,R,0,85,0,64473115
1,2240,20000000,0,0,0,One Missed Call,0,1,0,"January 4, 2008",70,0,0,0,0,PG-13,0,87,0,26890041
0,3940,150000000,1,0,1,Ratatouille,0,0,0,"June 29, 2007",168,0,0,0,0,G,0,111,0,206445654
0,2542,3000000,0,0,0,Sinister,0,0,0,"October 12, 2012",84,1,0,1,0,R,0,110,0,48086903
1,2950,36000000,0,0,0,Hall Pass,0,0,0,"February 25, 2011",77,1,0,0,0,R,0,98,0,45060734
0,25,8000000,1,0,0,Brooklyn Rules,0,0,0,"May 11, 2007",84,1,0,0,0,R,0,95,0,458232
0,3352,60000000,0,0,0,Jack Reacher,0,1,0,"December 21, 2012",91,0,0,1,0,PG-13,0,130,0,80070736
0,2489,13000000,1,0,0,Phone Booth,0,0,0,"April 4, 2003",119,1,0,0,0,R,0,81,0,46566212
0,168,21000000,1,0,0,The Beaver,0,1,0,"May 6, 2011",56,0,0,0,0,PG-13,0,91,0,970816
0,3755,150000000,1,0,0,Dark Shadows,0,1,0,"May 11, 2012",98,0,0,0,0,PG-13,0,113,0,79727149
1,2104,70000000,0,0,0,The Legend of Hercules,0,1,0,"January 10, 2014",63,0,0,0,0,PG-13,0,99,0,18848538
1,2755,50000000,0,0,0,Shanghai Knights,0,1,0,"February 7, 2003",126,0,0,0,0,PG-13,0,114,0,60476872
1,3848,95000000,0,0,0,Cinderella (2015),0,0,0,"March 13, 2015",189,0,1,0,0,PG,0,112,0,201151353
0,3870,75000000,0,0,0,Tower Heist,0,1,0,"November 4, 2011",91,0,0,1,0,PG-13,0,104,0,78046570
1,2872,28000000,0,0,0,3 Days to Kill,0,1,0,"February 21, 2014",84,0,0,0,0,PG-13,0,117,0,30697999
0,3352,65000000,0,0,1,The Santa Clause 2,0,0,0,"November 1, 2002",98,0,0,1,0,G,0,105,0,139236327
0,89,19100000,0,0,0,The Devil's Double,0,0,0,"July 29, 2011",63,1,0,0,0,R,0,108,1,1361512
1,3353,40000000,0,0,0,Escape From Planet Earth,0,0,0,"February 15, 2013",161,0,1,0,0,PG,0,89,0,57012977
0,817,20000000,1,0,0,The Love Letter,0,1,0,"May 21, 1999",63,0,0,0,0,PG-13,0,99,0,8302478
0,3654,150000000,0,0,0,Bolt,0,0,0,"November 21, 2008",98,0,1,1,0,PG,0,96,0,114053579
1,1305,25000000,0,0,0,Stop-Loss,0,0,0,"March 28, 2008",84,1,0,0,0,R,0,113,0,10915744
1,2896,20000000,0,0,0,Endless Love (2014),0,1,0,"February 14, 2014",35,0,0,0,0,PG-13,0,103,0,23438250
0,2545,30000000,1,0,0,Hanna,0,1,0,"April 8, 2011",91,0,0,0,0,PG-13,0,111,0,40259119
0,1738,15000000,0,0,0,Whip It,0,1,0,"October 2, 2009",70,0,0,1,0,PG-13,0,111,0,13043363
0,3014,10000000,1,0,0,Insidious Chapter 3,0,1,0,"June 5, 2015",70,0,0,0,0,PG-13,0,97,0,52218558
0,3155,5000000,0,0,0,Insidious Chapter 2,0,1,0,"September 13, 2013",98,0,0,0,0,PG-13,0,105,1,83586447
1,2238,35000000,0,0,0,Parker,0,0,0,"January 25, 2013",70,1,0,0,0,R,0,118,0,17616641
1,4065,135000000,0,0,0,The Croods,0,0,0,"March 22, 2013",182,0,1,0,0,PG,0,98,0,187168425
1,2529,16000000,0,0,0,The Messengers,0,1,0,"February 2, 2007",49,0,0,0,0,PG-13,0,90,0,35374833
0,2971,32000000,1,0,0,Source Code,0,1,0,"April 1, 2011",105,0,0,0,0,PG-13,0,94,0,54712227
0,3553,75000000,0,0,0,Monster House,0,0,0,"July 21, 2006",98,0,1,0,0,PG,0,91,1,73661010
0,17,13000000,1,0,0,The Killer Inside Me,0,0,0,"June 18, 2010",63,1,0,0,0,R,0,109,0,217277
0,2218,25000000,0,1,0,Up in the Air,1,0,0,"December 4, 2009",126,1,0,1,0,R,0,109,0,83823381
0,47,9000000,1,0,0,Princess Kaiulani,0,0,0,"May 14, 2010",140,0,1,0,0,PG,0,97,0,883887
0,1922,18000000,0,0,0,Love Happens,0,1,0,"September 18, 2009",49,0,0,0,0,PG-13,0,109,1,22965110
0,3820,100000000,0,1,0,Gravity,1,1,0,"October 4, 2013",217,0,0,1,0,PG-13,0,91,0,274092705
0,18,10000000,0,0,0,Gentlemen Broncos,0,1,0,"October 30, 2009",42,0,0,1,0,PG-13,0,89,0,113682
0,3349,58000000,0,0,0,Red,0,1,0,"October 15, 2010",112,0,0,1,0,PG-13,0,111,0,90380162
1,3163,40000000,0,0,0,Vantage Point,0,1,0,"February 22, 2008",63,0,0,0,0,PG-13,0,90,0,72266306
0,2585,41000000,0,0,0,8 Mile,0,0,0,"November 8, 2002",140,1,0,1,0,R,0,118,0,116750901
0,27,3000000,0,0,0,Christmas in the Clouds,0,0,0,"November 4, 2005",63,0,1,1,0,PG,0,96,0,279225
0,45,2000000,1,0,0,Meek's Cutoff,0,0,0,"April 8, 2011",140,0,1,0,0,PG,0,104,0,977772
0,3084,10800000,0,0,0,Saw V,0,0,0,"October 24, 2008",49,1,0,1,0,R,0,88,0,56746769
0,4349,220000000,1,0,0,Marvel's The Avengers,0,1,0,"May 4, 2012",154,0,0,0,0,PG-13,0,142,0,623357910
0,2938,140000000,0,0,0,The Last Samurai,0,0,0,"December 5, 2003",126,1,0,1,0,R,0,154,0,111127263
0,857,11000000,0,0,0,September Dawn,0,0,0,"August 24, 2007",21,1,0,0,0,R,0,110,1,1066555
0,2419,1500000,1,0,0,Insidious,0,1,0,"April 1, 2011",161,0,0,0,0,PG-13,0,98,0,54009150
1,14,5000000,0,0,0,Waiting for Forever,0,1,0,"February 4, 2011",14,0,0,0,0,PG-13,0,94,0,25517
1,2910,33000000,0,0,0,Bringing Down the House,0,1,0,"March 7, 2003",168,0,0,0,0,PG-13,0,105,0,132716677
1,3,40000,0,0,0,The Exploding Girl,0,0,0,"March 12, 2010",42,0,0,0,0,Unrated,1,79,0,25572
0,4324,258000000,1,0,0,Spider-Man 3,0,1,0,"May 4, 2007",112,0,0,0,0,PG-13,0,140,0,336530303
0,3242,35000000,1,0,0,Poltergeist (2015),0,1,0,"May 22, 2015",77,0,0,0,0,PG-13,0,93,0,47425125
0,3030,100000000,0,0,0,Eragon,0,0,0,"December 15, 2006",119,0,1,1,0,PG,0,99,0,75030163
0,3330,5000000,0,0,0,Apollo 18,0,1,0,"September 2, 2011",84,0,0,0,0,PG-13,0,86,1,17687709
0,20,2900000,0,0,0,Freakonomics,0,1,0,"October 1, 2010",63,0,0,1,0,PG-13,0,85,0,101270
1,3189,65000000,0,0,0,This Means War,0,1,0,"February 17, 2012",119,0,0,0,0,PG-13,0,97,0,54760791
0,16,1200000,1,0,0,Come Away Home,0,0,0,"May 6, 2005",126,0,1,0,0,PG,0,102,0,72810
1,3122,40000000,0,0,0,Eight Below,0,0,0,"February 17, 2006",105,0,1,0,0,PG,0,112,0,81612565
0,2820,88000000,1,0,0,Cinderella Man,0,1,0,"June 3, 2005",189,0,0,0,0,PG-13,0,144,0,61649911
0,3049,20000000,1,0,0,Bad Teacher,0,0,0,"June 24, 2011",112,1,0,0,0,R,0,89,0,100292856
1,2161,13000000,0,0,0,Admission,0,1,0,"March 22, 2013",77,0,0,0,0,PG-13,0,117,0,18007317
0,713,25000000,0,0,1,Fly Me to the Moon,0,0,0,"August 15, 2008",287,0,0,0,0,G,0,87,1,13816982
0,3115,20000000,0,0,0,The Conjuring,0,0,0,"July 19, 2013",105,1,0,0,0,R,0,112,1,137400141
0,2890,50000000,0,0,0,Law Abiding Citizen,0,0,0,"October 16, 2009",112,1,0,1,0,R,0,108,0,73357727
1,2870,25000000,0,0,0,Contraband,0,0,0,"January 13, 2012",63,1,0,0,0,R,0,110,0,66528000
0,2212,26000000,0,0,0,Case 39,0,0,0,"October 1, 2010",49,1,0,1,0,R,0,109,0,13261851
0,3113,50000000,0,0,0,The Book of Life (2014),0,0,0,"October 17, 2014",133,0,1,1,0,PG,0,95,0,50151543
0,2634,20000000,1,0,0,Obsessed,0,1,0,"April 24, 2009",56,0,0,0,0,PG-13,0,105,0,68261644
0,2899,38000000,1,0,0,The Fast and the Furious,0,1,0,"June 22, 2001",133,0,0,0,0,PG-13,0,106,0,144533925
0,4028,200000000,1,0,1,Toy Story 3,0,0,0,"June 18, 2010",168,0,0,0,0,G,0,103,0,415004880
0,2310,30000000,1,0,0,Alex and Emma,0,1,0,"June 20, 2003",56,0,0,0,0,PG-13,0,100,0,14218698
0,3045,33000000,0,0,0,Gran Torino,0,0,0,"December 12, 2008",189,1,0,1,0,R,0,116,0,148095302
1,2313,38000000,0,0,0,Push,0,1,0,"February 6, 2009",98,0,0,0,0,PG-13,0,111,0,31811527
0,1756,15000000,0,0,0,The Artist,1,1,0,"November 25, 2011",210,0,0,1,1,PG-13,0,100,0,44671682
1,2574,30000000,0,0,0,Coach Carter,0,1,0,"January 14, 2005",112,0,0,0,0,PG-13,0,134,0,67264877
0,199,3500000,0,0,0,Margin Call,0,0,0,"October 21, 2011",119,1,0,1,0,R,0,109,0,5354039
0,2964,25000000,1,0,0,What a Girl Wants,0,0,0,"April 4, 2003",91,0,1,0,0,PG,0,104,0,36105433
1,2164,50000000,0,0,0,Death to Smoochy,0,0,0,"March 29, 2002",42,1,0,0,0,R,0,109,0,8364691
0,1225,12000000,0,1,0,Philomena,1,1,0,"November 22, 2013",182,0,0,1,0,PG-13,0,95,0,37709979
0,113,10000000,0,0,0,The Gospel of John,0,1,0,"September 26, 2003",203,0,0,0,0,PG-13,0,173,1,4069090
1,244,10000000,0,0,0,The Runaways,0,0,0,"March 19, 2010",77,1,0,0,0,R,0,109,0,3573673
0,2506,33000000,0,0,0,Pandorum,0,0,0,"September 25, 2009",56,1,0,0,0,R,0,108,1,10330853
0,2649,45000000,0,0,0,Four Brothers,0,0,0,"August 12, 2005",105,1,0,0,0,R,0,108,1,74494381
0,2135,18000000,0,0,0,Getaway (2013),0,1,0,"August 30, 2013",35,0,0,0,0,PG-13,0,94,1,10501938
0,3505,200000000,1,0,0,Robin Hood,0,1,0,"May 14, 2010",84,0,0,0,0,PG-13,0,148,0,105269730
0,58,1100,0,0,0,My Date with Drew,0,0,0,"August 5, 2005",14,0,1,0,0,PG,0,90,1,181041
0,178,25000000,1,0,0,La Vie en Rose,0,1,0,"June 8, 2007",308,0,0,0,0,PG-13,0,136,0,10301706
0,1498,70000000,0,1,0,Munich,1,0,0,"December 23, 2005",98,1,0,1,0,R,0,164,0,47403685
0,1725,15000000,0,0,0,One Day,0,1,0,"August 19, 2011",35,0,0,0,0,PG-13,0,107,1,13843771
0,2745,35000000,0,0,0,Whiteout,0,0,0,"September 11, 2009",98,1,0,0,0,R,0,106,1,10275638
0,2975,30000000,1,0,0,Letters to Juliet,0,0,0,"May 14, 2010",105,0,1,0,0,PG,0,105,0,53032453
0,975,7000000,0,0,1,The Mighty Macs,0,0,0,"October 21, 2011",42,0,0,1,0,G,0,102,0,1891936
0,1213,18000000,0,0,0,Birdman,1,0,0,"October 17, 2014",182,1,0,1,1,R,0,119,0,42340598
1,3474,78000000,0,0,0,Daredevil,0,1,0,"February 14, 2003",154,0,0,0,0,PG-13,0,97,0,102543518
0,4004,120000000,0,0,0,Fantastic Four,0,1,0,"August 7, 2015",77,0,0,0,0,PG-13,0,100,1,56117548
0,1757,7000000,0,0,0,The Devil's Rejects,0,0,0,"July 22, 2005",35,1,0,0,0,R,0,101,1,17044981
0,3555,40000000,1,0,0,Blended,0,1,0,"May 23, 2014",98,0,0,0,0,PG-13,0,117,0,46294610
0,2701,45000000,0,0,0,Chicago,1,1,0,"December 27, 2002",252,0,0,1,1,PG-13,0,107,0,170687518
0,2361,72000000,0,0,0,The Majestic,0,0,0,"December 21, 2001",84,0,1,1,0,PG,0,152,0,27807266
0,1069,25000000,1,0,0,The Hoax,0,0,0,"April 6, 2007",56,1,0,0,0,R,0,115,0,7164995
1,3074,30000000,0,0,0,27 Dresses,0,1,0,"January 18, 2008",133,0,0,0,0,PG-13,0,107,0,76808654
0,2860,14000000,0,0,0,The Possession,0,1,0,"August 31, 2012",84,0,0,0,0,PG-13,0,91,1,49130154
0,3158,40000000,1,0,0,The Proposal,0,1,0,"June 19, 2009",140,0,0,0,0,PG-13,0,108,0,163958031
0,3607,190000000,1,0,0,World War Z,0,1,0,"June 21, 2013",112,0,0,0,0,PG-13,0,116,0,202359711
1,2815,20000000,0,0,1,The Jungle Book 2,0,0,0,"February 14, 2003",105,0,0,0,0,G,0,78,0,47901582
0,41,3000000,0,0,0,Christmas at Maxwell's,0,0,0,"December 1, 2006",14,0,1,1,0,PG,0,94,0,12781
0,3182,65000000,0,0,0,Step Brothers,0,0,0,"July 25, 2008",63,1,0,0,0,R,0,95,1,100468793
1,20,14200000,0,0,0,Manderlay,0,0,0,"January 27, 2006",56,0,0,0,0,Unrated,1,139,0,78378
0,2268,22000000,0,0,0,Open Range,0,0,0,"August 15, 2003",112,1,0,0,0,R,0,139,1,58331254
0,2474,40000000,0,1,0,Ray,1,1,0,"October 29, 2004",140,0,0,1,0,PG-13,0,152,0,75331600
1,2848,12000000,0,0,0,Catch That Kid,0,0,0,"February 6, 2004",98,0,1,0,0,PG,0,92,0,16703799
0,3499,60000000,0,0,0,Alvin and the Chipmunks,0,0,0,"December 14, 2007",175,0,1,1,0,PG,0,92,0,217326974
1,1821,35000000,0,0,0,Jersey Girl,0,1,0,"March 26, 2004",98,0,0,0,0,PG-13,0,103,0,25268157
0,1200,20000000,0,0,0,Marci X,0,0,0,"August 22, 2003",28,1,0,0,0,R,0,73,1,1648818
0,2808,20000000,0,0,0,Saw 3D,0,0,0,"October 29, 2010",35,1,0,1,0,R,0,91,0,45710178
0,3355,100000000,0,0,0,The Expendables 2,0,0,0,"August 17, 2012",98,1,0,0,0,R,0,102,1,85028192
0,230,65000,1,0,0,Super Size Me,0,1,0,"May 7, 2004",147,0,0,0,0,PG-13,0,98,0,11536423
0,125,22000000,0,0,0,Stone,0,0,0,"October 8, 2010",84,1,0,1,0,R,0,105,0,1810078
0,3638,34000000,0,0,0,The Maze Runner,0,1,0,"September 19, 2014",140,0,0,0,0,PG-13,0,113,1,102427862
0,3402,20000000,1,0,0,Scary Movie 5,0,1,0,"April 12, 2013",105,0,0,0,0,PG-13,0,85,0,32015787
1,59,13500000,0,0,0,The Caveman's Valentine,0,0,0,"March 2, 2001",105,1,0,0,0,R,0,106,0,687194
1,2900,12000000,0,0,0,Project Almanac,0,1,0,"January 30, 2015",56,0,0,0,0,PG-13,0,106,0,22348241
1,3004,15000000,0,0,0,When a Stranger Calls,0,1,0,"February 3, 2006",49,0,0,0,0,PG-13,0,100,0,47860214
1,2943,70000000,0,0,0,The Dilemma,0,1,0,"January 14, 2011",49,0,0,0,0,PG-13,0,118,0,48475290
0,3656,75000000,1,0,0,Anger Management,0,1,0,"April 11, 2003",133,0,0,0,0,PG-13,0,101,0,135645823
0,2877,15000000,0,0,0,Flicka,0,0,0,"October 20, 2006",112,0,1,1,0,PG,0,100,0,21000147
1,1602,20000000,0,0,0,ATL,0,1,0,"March 31, 2006",56,0,0,0,0,PG-13,0,100,0,21170563
0,983,4000000,0,0,0,The Gospel,0,0,0,"October 7, 2005",49,0,1,1,0,PG,0,93,0,15778152
0,2464,33100000,0,0,0,Rebound,0,0,0,"July 1, 2005",84,0,1,0,0,PG,0,103,1,16809014
0,3118,35000000,0,0,0,Abduction,0,1,0,"September 23, 2011",84,0,0,0,0,PG-13,0,106,1,28087155
0,1270,8000000,1,0,0,See No Evil,0,0,0,"May 19, 2006",49,1,0,0,0,R,0,84,0,15032800
0,2883,10000000,0,0,0,Skyline,0,1,0,"November 12, 2010",42,0,0,1,0,PG-13,0,100,0,21393620
0,1,5000,0,0,0,The Reception,0,0,0,"July 15, 2005",77,0,0,0,0,Unrated,1,71,1,18389
1,12,3000000,0,0,0,The Eclipse,0,0,0,"March 26, 2010",91,1,0,0,0,R,0,88,0,133411
1,2898,20000000,0,0,0,Date Movie,0,1,0,"February 17, 2006",105,0,0,0,0,PG-13,0,80,0,48548426
1,40,1000000,0,0,0,Church Ball,0,0,0,"March 17, 2006",98,0,1,0,0,PG,0,91,0,464991
0,3107,60000000,0,0,1,The Tale of Despereaux,0,0,0,"December 19, 2008",77,0,0,1,0,G,0,87,0,50877145
1,35,3000000,0,0,0,Dirty,0,0,0,"January 20, 2006",49,1,0,0,0,R,0,97,0,274245
0,2798,35000000,0,0,0,Nanny McPhee Returns,0,0,0,"August 20, 2010",70,0,1,0,0,PG,0,100,1,29011215
0,2986,48000000,1,0,0,The Happening,0,0,0,"June 13, 2008",98,1,0,0,0,R,0,91,0,64506874
0,2913,52000000,0,0,0,The Change-Up,0,0,0,"August 5, 2011",56,1,0,0,0,R,0,101,1,37081475
0,3083,35000000,0,0,0,The Nativity Story,0,0,0,"December 1, 2006",49,0,1,1,0,PG,0,100,0,37629831
0,42,7000000,1,0,0,Hesher,0,0,0,"May 13, 2011",84,1,0,0,0,R,0,109,0,382946
1,4136,175000000,0,0,0,Monsters Vs. Aliens,0,0,0,"March 27, 2009",154,0,1,0,0,PG,0,94,0,198351526
1,2148,25000000,0,0,0,Nanny McPhee,0,0,0,"January 27, 2006",98,0,1,0,0,PG,0,98,0,47144110
0,506,17000000,1,0,0,Away We Go,0,0,0,"June 5, 2009",77,1,0,0,0,R,0,98,0,9451946
1,2868,30000000,0,0,0,Welcome to Mooseport,0,1,0,"February 20, 2004",84,0,0,0,0,PG-13,0,115,0,14470947
0,2407,13000000,0,1,0,Black Swan,1,0,0,"December 3, 2010",154,1,0,1,0,R,0,103,0,106954678
0,3069,20000000,0,0,0,Superbad,0,0,0,"August 17, 2007",70,1,0,0,0,R,0,114,1,121463226
0,1761,10000000,1,0,0,Screwed,0,1,0,"May 12, 2000",28,0,0,0,0,PG-13,0,82,0,7027345
0,3215,6500000,0,0,0,Annabelle,0,0,0,"October 3, 2014",77,1,0,1,0,R,0,95,0,84273813
0,3028,61000000,0,0,0,2 Guns,0,0,0,"August 2, 2013",84,1,0,0,0,R,0,109,1,75612460
0,1837,20000000,0,0,0,Drumline,0,1,0,"December 13, 2002",140,0,0,1,0,PG-13,0,118,0,56399184
0,3220,80000000,0,0,0,S.W.A.T.,0,1,0,"August 8, 2003",119,0,0,0,0,PG-13,0,111,1,116934650
1,4,3500000,0,0,0,Defendor,0,0,0,"February 19, 2010",14,1,0,0,0,R,0,95,0,44462
0,3017,90000000,0,0,0,The Departed,1,0,0,"October 6, 2006",168,1,0,1,1,R,0,150,0,132384315
1,429,2200000,0,0,0,The Last Sin Eater,0,1,0,"February 9, 2007",14,0,0,0,0,PG-13,0,117,0,388390
1,3212,40000000,0,0,0,Get Hard,0,0,0,"March 27, 2015",105,1,0,0,0,R,0,100,0,90411453
1,3194,50000000,0,0,0,Muppets Most Wanted,0,0,0,"March 21, 2014",119,0,1,0,0,PG,0,112,0,51183113
0,3137,54000000,0,0,0,"You, Me and Dupree",0,1,0,"July 14, 2006",84,0,0,0,0,PG-13,0,108,1,75628110
0,19,12000000,0,0,0,Centurion,0,0,0,"August 27, 2010",35,1,0,0,0,R,0,97,1,123570
0,1703,14000000,1,0,0,An American Haunting,0,1,0,"May 5, 2006",84,0,0,0,0,PG-13,0,90,0,16298046
0,3674,137000000,1,0,0,Hulk,0,1,0,"June 20, 2003",119,0,0,0,0,PG-13,0,135,0,132177234
0,1,4000000,1,0,0,The Velocity of Gary,0,0,0,"April 30, 1999",7,1,0,0,0,R,0,100,0,2143
0,2551,10000000,1,0,0,MacGruber,0,0,0,"May 21, 2010",21,1,0,0,0,R,0,88,0,8525600
0,2159,14000000,0,0,0,A Perfect Getaway,0,0,0,"August 7, 2009",42,1,0,0,0,R,0,97,1,15515460
0,400,30000000,0,0,0,Luther,0,1,0,"September 26, 2003",84,0,0,0,0,PG-13,0,115,1,5791328
0,870,40000000,0,0,0,Marie Antoinette,0,1,0,"October 20, 2006",49,0,0,1,0,PG-13,0,118,0,15962471
1,2521,32000000,0,0,0,Repo Men,0,0,0,"March 19, 2010",35,1,0,0,0,R,0,111,0,13794835
0,3683,200000000,0,0,0,A Christmas Carol (2009),0,0,0,"November 6, 2009",91,0,1,1,0,PG,0,96,0,137855863
0,999,21000000,0,0,0,The Royal Tenenbaums,0,0,0,"December 14, 2001",189,1,0,1,0,R,0,109,0,52364010
0,1143,19000000,0,0,0,Pan's Labyrinth,0,0,0,"December 29, 2006",168,1,0,1,0,R,0,112,0,37634615
0,2799,40000000,0,0,0,Shallow Hal,0,1,0,"November 9, 2001",147,0,0,1,0,PG-13,0,113,0,70839203
0,1077,35000000,0,0,0,Revolutionary Road,0,0,0,"December 26, 2008",98,1,0,1,0,R,0,119,0,22911480
0,3121,40000000,0,0,0,The Final Destination,0,0,0,"August 28, 2009",91,1,0,0,0,R,0,82,1,66477700
0,42,4000000,0,0,0,MirrorMask,0,0,0,"September 30, 2005",77,0,1,0,0,PG,0,101,1,866999
1,3062,25000000,0,0,0,Dear John,0,1,0,"February 5, 2010",84,0,0,0,0,PG-13,0,108,0,80014842
0,2195,8000000,1,0,0,Akeelah and the Bee,0,0,0,"April 28, 2006",84,0,1,0,0,PG,0,112,0,18848430
0,2253,6000000,0,0,0,Grind,0,1,0,"August 15, 2003",35,0,0,0,0,PG-13,0,100,1,5123696
1,3472,42000000,0,0,0,The Nut Job,0,0,0,"January 17, 2014",112,0,1,0,0,PG,0,86,0,64251541
1,3004,100000000,0,0,0,Green Zone,0,0,0,"March 12, 2010",56,1,0,0,0,R,0,115,0,35053660
0,1500,17000000,1,0,0,American Dreamz,0,1,0,"April 21, 2006",28,0,0,0,0,PG-13,0,107,0,7191830
1,2621,15000000,0,0,0,The Hills Have Eyes,0,0,0,"March 10, 2006",105,1,0,0,0,R,0,105,0,41778863
0,3285,190000000,0,0,0,Pacific Rim,0,1,0,"July 12, 2013",98,0,0,0,0,PG-13,0,131,1,101802906
0,3427,110000000,0,0,0,The Smurfs,0,0,0,"July 29, 2011",140,0,1,0,0,PG,0,86,1,142614158
0,1378,8000000,0,0,0,Brown Sugar,0,1,0,"October 11, 2002",112,0,0,1,0,PG-13,0,108,0,27363891
0,3314,40000000,1,0,0,Scream 4,0,0,0,"April 15, 2011",77,1,0,0,0,R,0,103,0,38180928
0,436,22000000,0,0,0,Fair Game (2010),0,1,0,"November 5, 2010",105,0,0,1,0,PG-13,0,108,0,9540691
0,3011,55000000,1,0,0,Imagine That,0,0,0,"June 12, 2009",70,0,1,0,0,PG,0,107,0,16123323
0,2657,37000000,0,0,0,Burn After Reading,0,0,0,"September 12, 2008",105,1,0,0,0,R,0,97,1,60355347
0,2424,15000000,0,0,0,Killing Them Softly,0,0,0,"November 30, 2012",84,1,0,1,0,R,0,97,0,15026056
1,9,750000,0,0,0,Bigger Than the Sky,0,1,0,"February 18, 2005",14,0,0,0,0,PG-13,0,106,0,21398
0,3016,84000000,0,0,0,Red 2,0,1,0,"July 19, 2013",91,0,0,0,0,PG-13,0,116,1,53262560
1,3356,80000000,0,0,0,Shutter Island,0,0,0,"February 19, 2010",112,1,0,0,0,R,0,138,0,128012934
1,347,6000000,0,0,0,Veronica Mars,0,1,0,"March 14, 2014",42,0,0,0,0,PG-13,0,107,0,3322127
1,3618,85000000,0,0,0,Mirror Mirror,0,0,0,"March 30, 2012",140,0,1,0,0,PG,0,106,0,64935167
0,3660,29000000,1,0,0,Pitch Perfect 2,0,1,0,"May 15, 2015",77,0,0,0,0,PG-13,0,115,0,183785415
1,985,25000000,0,0,0,BloodRayne,0,0,0,"January 6, 2006",21,1,0,0,0,R,0,94,0,2405420
0,3160,28000000,0,0,0,Walk the Line,0,1,0,"November 18, 2005",168,0,0,1,0,PG-13,0,135,0,119519402
0,2448,72000000,0,0,0,Jarhead,0,0,0,"November 4, 2005",77,1,0,1,0,R,0,115,0,62658220
1,3202,50000000,0,0,0,Failure to Launch,0,1,0,"March 10, 2006",105,0,0,0,0,PG-13,0,97,0,88715192
1,2538,12000000,0,0,0,Aquamarine,0,0,0,"March 3, 2006",84,0,1,0,0,PG,0,109,0,18597342
0,3243,80000000,0,0,0,Walking with Dinosaurs,0,0,0,"December 20, 2013",112,0,1,1,0,PG,0,87,0,36076121
1,2551,1000000,0,0,0,The Devil Inside,0,0,0,"January 6, 2012",77,1,0,0,0,R,0,87,0,53261944
1,3115,66000000,0,0,0,Need for Speed,0,1,0,"March 14, 2014",98,0,0,0,0,PG-13,0,130,0,43577636
0,2678,10500000,0,0,0,Machete,0,0,0,"September 3, 2010",77,1,0,0,0,R,0,105,1,26593646
0,2149,31000000,1,0,0,Ella Enchanted,0,0,0,"April 9, 2004",126,0,1,0,0,PG,0,95,0,22918387
0,2635,30000000,0,0,0,The Box,0,1,0,"November 6, 2009",63,0,0,1,0,PG-13,0,116,0,15051977
0,14,13000000,1,0,0,Love's Labour's Lost,0,0,0,"June 9, 2000",35,0,1,0,0,PG,0,93,0,299792
0,1597,9000000,0,0,0,Hamlet 2,0,0,0,"August 22, 2008",42,1,0,0,0,R,0,92,1,4886216
0,3448,68000000,1,0,0,Ted 2,0,0,0,"June 26, 2015",63,1,0,0,0,R,0,115,0,81284830
0,2469,18000000,0,0,0,The Family Stone,0,1,0,"December 16, 2005",105,0,0,1,0,PG-13,0,102,0,60062868
1,2777,35000000,0,0,0,Unfinished Business,0,0,0,"March 6, 2015",42,1,0,0,0,R,0,91,0,10219501
1,81,50000000,0,0,0,Outlander,0,0,0,"January 23, 2009",49,1,0,0,0,R,0,115,0,166003
0,5,12000000,1,0,0,Mozart and the Whale,0,1,0,"April 14, 2006",28,0,0,0,0,PG-13,0,93,0,36006
0,3313,30000000,0,0,0,Sweet Home Alabama,0,1,0,"September 27, 2002",147,0,0,0,0,PG-13,0,102,1,127223418
0,2515,12000000,0,0,0,Crank,0,0,0,"September 1, 2006",49,1,0,0,0,R,0,83,1,27838408
0,3606,120000000,1,0,0,Speed Racer,0,0,0,"May 9, 2008",91,0,1,0,0,PG,0,135,0,43945766
1,2998,42000000,0,0,0,Man on a Ledge,0,1,0,"January 27, 2012",35,0,0,0,0,PG-13,0,102,0,18620000
0,24,400000,1,0,0,Unidentified,0,0,0,"April 28, 2006",210,0,1,0,0,PG,0,85,0,224099
0,15,500000,1,0,0,A Long Way Off,0,0,0,"May 16, 2014",84,0,1,0,0,PG,0,105,0,30104
0,2669,40000000,0,0,0,Predators,0,0,0,"July 9, 2010",98,1,0,0,0,R,0,107,1,52000688
0,1048,7500000,0,0,0,(500) Days of Summer,0,1,0,"July 17, 2009",133,0,0,0,0,PG-13,0,95,1,32391374
0,3016,14000000,0,0,0,Fun Size,0,1,0,"October 26, 2012",49,0,0,1,0,PG-13,0,90,0,9409538
0,3411,175000000,1,0,0,Troy,0,0,0,"May 14, 2004",112,1,0,0,0,R,0,163,0,133378256
0,2016,35000000,0,0,1,Valiant,0,0,0,"August 19, 2005",91,0,0,0,0,G,0,76,1,19478106
0,2417,5000000,0,0,0,Jem and the Holograms,0,0,0,"October 23, 2015",14,0,1,1,0,PG,0,118,0,2184640
0,1239,7000000,0,1,0,Capote,1,0,0,"September 30, 2005",210,1,0,0,0,R,0,114,1,28750530
0,24,10000000,1,0,0,Owning Mahowny,0,0,0,"May 2, 2003",175,1,0,0,0,R,0,107,0,1011871
0,3076,50000000,0,0,0,Out of Time,0,1,0,"October 3, 2003",126,0,0,1,0,PG-13,0,105,0,41088845
0,106,5000000,0,0,0,Bad Education,0,0,1,"November 19, 2004",161,0,0,1,0,NC-17,0,109,0,5211842
0,59,6000000,0,0,0,Rocket Science,0,0,0,"August 10, 2007",77,1,0,0,0,R,0,98,1,714943
0,2589,20000000,0,0,0,John Wick,0,0,0,"October 24, 2014",91,1,0,1,0,R,0,96,0,43037835
1,116,15000000,0,0,0,The Dreamers,0,0,1,"February 6, 2004",126,0,0,0,0,NC-17,0,116,0,2532228
0,5,300000,1,0,0,Fighting Tommy Riley,0,0,0,"May 6, 2005",14,1,0,0,0,R,0,109,0,10514
0,3082,75000000,1,0,0,Now You See Me,0,1,0,"May 31, 2013",119,0,0,0,0,PG-13,0,116,0,117723989
1,2,5000000,0,0,0,Dysfunctional Friends,0,0,0,"February 3, 2012",35,0,0,0,0,Unrated,1,111,0,13546
1,2764,50000000,0,0,0,Rambo,0,0,0,"January 25, 2008",63,1,0,0,0,R,0,93,0,42754105
0,259,2000000,1,0,0,Filly Brown,0,0,0,"April 19, 2013",42,1,0,0,0,R,0,101,0,2850357
1,2416,35000000,0,0,0,The Skulls,0,1,0,"March 31, 2000",63,0,0,0,0,PG-13,0,107,0,35046120
0,12,2000000,0,0,0,I Spit on Your Grave,0,0,0,"October 8, 2010",49,0,0,1,0,Unrated,1,108,0,93051
0,3785,50000000,0,0,0,The Dukes of Hazzard,0,1,0,"August 5, 2005",91,0,0,0,0,PG-13,0,106,1,80270227
0,1038,17000000,1,1,0,Midnight in Paris,1,1,0,"May 20, 2011",308,0,0,0,0,PG-13,0,88,0,56817045
1,2337,4800000,0,0,0,Hostel,0,0,0,"January 6, 2006",42,1,0,0,0,R,0,95,0,47326473
1,2648,60000000,0,0,0,Mortdecai,0,0,0,"January 23, 2015",28,1,0,0,0,R,0,106,0,7696134
0,2305,40000000,0,0,0,The Prestige,0,1,0,"October 20, 2006",112,0,0,1,0,PG-13,0,135,0,53089891
1,3050,25000000,0,0,0,No Strings Attached,0,0,0,"January 21, 2011",77,1,0,0,0,R,0,110,0,70662220
0,6,9000000,0,0,0,Leaves of Grass,0,0,0,"September 17, 2010",28,1,0,0,0,R,0,105,1,70066
0,3915,80000000,1,0,0,Get Smart,0,1,0,"June 20, 2008",140,0,0,0,0,PG-13,0,110,0,130319208
1,3769,70000000,0,0,0,Dr. Seuss' The Lorax,0,0,0,"March 2, 2012",147,0,1,0,0,PG,0,95,0,214030500
0,3381,35000000,0,0,0,Max Payne,0,1,0,"October 17, 2008",91,0,0,1,0,PG-13,0,100,0,40689393
0,2746,55000000,0,0,0,Bowfinger,0,1,0,"August 13, 1999",112,0,0,0,0,PG-13,0,97,1,66384775
0,3926,75000000,0,0,0,The Simpsons Movie,0,1,0,"July 27, 2007",147,0,0,0,0,PG-13,0,87,1,183135014
0,3398,80000000,0,0,0,The Expendables,0,0,0,"August 13, 2010",70,1,0,0,0,R,0,103,1,103068524
0,3150,38000000,0,0,0,Life as We Know It,0,1,0,"October 8, 2010",112,0,0,1,0,PG-13,0,112,0,53374681
0,2697,55000000,0,0,0,Meet the Parents,0,1,0,"October 6, 2000",175,0,0,1,0,PG-13,0,108,0,166244045
0,2421,19000000,0,0,0,Sex Drive,0,0,0,"October 17, 2008",49,1,0,1,0,R,0,109,0,8402485
0,3616,63000000,1,0,0,Hop,0,0,0,"April 1, 2011",77,0,1,0,0,PG,0,90,0,108085305
1,1611,15000000,0,0,0,Running Scared,0,0,0,"February 24, 2006",42,1,0,0,0,R,0,110,0,6855137
0,59,10200000,1,0,0,Krrish,0,0,0,"June 30, 2006",7,0,0,0,0,Unrated,1,154,0,1430721
0,3261,100000000,0,0,0,Unstoppable,0,1,0,"November 12, 2010",119,0,0,1,0,PG-13,0,98,0,81562942
1,678,30000000,0,0,0,The Way Back,0,1,0,"January 21, 2011",42,0,0,0,0,PG-13,0,119,0,2701859
0,3024,60000000,1,0,0,Year One,0,1,0,"June 19, 2009",63,0,0,0,0,PG-13,0,100,0,43337279
0,115,26000000,0,0,0,Little Children,0,0,0,"October 6, 2006",189,1,0,1,0,R,0,130,0,5463019
0,68,4300000,1,0,0,The Double Hour,0,0,0,"April 15, 2011",133,0,0,0,0,Unrated,1,95,0,1514942
0,2503,20000000,1,0,0,Kung Fu Hustle,0,0,0,"April 8, 2005",133,1,0,0,0,R,0,95,0,17108591
0,3008,75000000,0,0,0,Funny People,0,0,0,"July 31, 2009",49,1,0,0,0,R,0,136,1,51855045
1,2605,13000000,0,0,0,The Butterfly Effect,0,0,0,"January 23, 2004",119,1,0,0,0,R,0,114,0,57938693
1,3043,30000000,0,0,0,Unknown,0,1,0,"February 18, 2011",84,0,0,0,0,PG-13,0,109,0,63686397
0,3626,90000000,0,0,0,Sherlock Holmes,0,1,0,"December 25, 2009",126,0,0,1,0,PG-13,0,134,0,209028679
1,3801,135000000,0,0,0,Home (2015),0,0,0,"March 27, 2015",168,0,1,0,0,PG,0,94,0,177397510
0,3213,50000000,1,0,0,Marmaduke,0,0,0,"June 4, 2010",105,0,1,0,0,PG,0,87,0,33644788
1,1133,10000000,0,0,0,Run Fat Boy Run,0,1,0,"March 28, 2008",56,0,0,0,0,PG-13,0,100,0,6003262
0,354,7000000,0,0,0,A Single Man,0,0,0,"December 11, 2009",140,1,0,1,0,R,0,99,0,9176000
0,3133,18000000,0,0,0,Fame (2009),0,0,0,"September 25, 2009",77,0,1,0,0,PG,0,107,1,22455510
0,2439,30000000,0,0,0,Step Up 3-D,0,1,0,"August 6, 2010",91,0,0,0,0,PG-13,0,97,1,42400223
0,2777,30000000,0,0,0,The Watcher,0,0,0,"September 8, 2000",56,1,0,0,0,R,0,97,1,28946615
0,81,2000000,0,0,0,Higher Ground,0,0,0,"August 26, 2011",133,1,0,0,0,R,0,109,1,841733
1,2771,36000000,0,0,0,Hot Tub Time Machine,0,0,0,"March 26, 2010",77,1,0,0,0,R,0,100,0,50287556
0,2108,39000000,0,0,0,Shoot 'Em Up,0,0,0,"September 7, 2007",42,1,0,0,0,R,0,80,1,12807139
1,3571,125000000,0,0,0,Noah,0,1,0,"March 28, 2014",84,0,0,0,0,PG-13,0,138,0,101200044
0,3157,11000000,0,0,0,If I Stay,0,1,0,"August 22, 2014",77,0,0,0,0,PG-13,0,106,1,50474843
0,2711,22000000,1,0,0,The Prince and Me,0,0,0,"April 2, 2004",84,0,1,0,0,PG,0,111,0,28176497
0,6,3000000,0,0,0,Cape of Good Hope,0,1,0,"November 11, 2005",42,0,0,1,0,PG-13,0,107,0,26904
0,1630,11000000,0,0,0,The Secret Life of Bees,0,1,0,"October 17, 2008",133,0,0,1,0,PG-13,0,110,0,37770162
0,2775,25000000,0,0,0,Unaccompanied Minors,0,0,0,"December 8, 2006",91,0,1,1,0,PG,0,89,0,16655224
0,556,3500000,1,0,0,Whale Rider,0,1,0,"June 6, 2003",175,0,0,0,0,PG-13,0,101,0,20779666
0,103,7000000,0,0,0,Alone Yet Not Alone,0,1,0,"September 27, 2013",175,0,0,0,0,PG-13,0,103,1,887851
0,2712,15000,0,0,0,Paranormal Activity,0,0,0,"September 25, 2009",119,1,0,0,0,R,0,99,1,107918810
0,3037,35000000,1,0,0,Hot Pursuit,0,1,0,"May 8, 2015",84,0,0,0,0,PG-13,0,87,0,34580201
0,3399,58000000,1,0,0,The Internship,0,1,0,"June 7, 2013",98,0,0,0,0,PG-13,0,119,0,44672764
0,3816,200000000,1,0,0,Green Lantern,0,1,0,"June 17, 2011",105,0,0,0,0,PG-13,0,105,0,116601172
0,2986,70000000,0,0,0,Killer Elite,0,0,0,"September 23, 2011",56,1,0,0,0,R,0,100,1,25124966
0,2160,40000000,0,0,0,Delgo,0,0,0,"December 12, 2008",7,0,1,1,0,PG,0,90,0,694782
0,3455,60000000,0,0,0,ParaNorman,0,0,0,"August 17, 2012",140,0,1,0,0,PG,0,93,1,56003051
1,37,8000000,0,0,0,The Secret of Kells,0,0,0,"March 5, 2010",147,0,0,0,0,Unrated,1,75,0,676775
0,90,6800000,1,0,0,Incendies (U.S. only),0,0,0,"April 22, 2011",161,1,0,0,0,R,0,130,0,2071334
0,1905,6500000,1,0,0,Crash,0,0,0,"May 6, 2005",315,1,0,0,0,R,0,100,0,54580300
0,31,1000000,0,0,0,Circumstance,0,0,0,"August 26, 2011",112,1,0,0,0,R,0,107,1,454121
0,2055,16000000,1,0,0,People Like Us,0,1,0,"June 29, 2012",63,0,0,0,0,PG-13,0,115,0,12434778
0,2236,50000000,0,0,0,The Black Dahlia,0,0,0,"September 15, 2006",42,1,0,0,0,R,0,119,1,22545080
1,2124,20000000,0,0,0,Alone in the Dark,0,0,0,"January 28, 2005",21,1,0,0,0,R,0,96,0,5178569
1,2313,3500000,0,0,0,Dark Skies,0,1,0,"February 22, 2013",91,0,0,0,0,PG-13,0,97,0,17418667
1,2771,13000000,0,0,0,21 and Over,0,0,0,"March 1, 2013",77,1,0,0,0,R,0,93,0,25682380
0,2174,29000000,0,0,0,Serving Sara,0,1,0,"August 23, 2002",98,0,0,0,0,PG-13,0,100,1,16930185
0,967,10000000,0,0,0,Calendar Girls,0,1,0,"December 19, 2003",119,0,0,1,0,PG-13,0,108,0,31041759
1,354,18000000,0,0,0,The Last Station,0,0,0,"January 15, 2010",161,1,0,0,0,R,0,112,0,6617867
0,2606,30000000,1,0,0,My Sister's Keeper,0,1,0,"June 26, 2009",105,0,0,0,0,PG-13,0,106,0,49200230
1,2924,28000000,0,0,0,The Spy Next Door,0,0,0,"January 15, 2010",49,0,1,0,0,PG,0,92,0,24307086
0,3549,81000000,1,0,0,Bruce Almighty,0,1,0,"May 23, 2003",189,0,0,0,0,PG-13,0,101,0,242829261
0,486,1600000,0,0,0,N'Secure,0,0,0,"October 15, 2010",35,1,0,1,0,R,0,109,0,2595644
0,3555,24000000,0,0,0,Footloose (2011),0,1,0,"October 14, 2011",91,0,0,1,0,PG-13,0,113,0,51802742
0,968,12000000,0,1,0,Nebraska,1,0,0,"November 15, 2013",126,1,0,1,0,R,0,110,0,17654912
0,25,200000,0,0,0,Middle of Nowhere (2012),0,0,0,"October 12, 2012",63,1,0,1,0,R,0,97,0,236806
1,259,2000000,0,0,0,The Lives of Others,0,0,0,"February 9, 2007",217,1,0,0,0,R,0,137,0,11286112
0,60,12500000,0,0,0,Casino Jack,0,0,0,"December 17, 2010",112,1,0,1,0,R,0,108,0,1042959
0,3183,35000000,0,0,0,Bad News Bears,0,1,0,"July 22, 2005",70,0,0,0,0,PG-13,0,111,1,32868349
0,2870,20000000,1,0,0,Max (2015),0,0,0,"June 26, 2015",112,0,1,0,0,PG,0,111,0,42656255
0,810,17000000,0,0,0,The Apparition,0,1,0,"August 24, 2012",49,0,0,0,0,PG-13,0,82,1,4936819
0,3453,72000000,0,0,0,Signs,0,1,0,"August 2, 2002",189,0,0,0,0,PG-13,0,107,1,227966634
0,3948,180000000,1,0,0,Maleficent,0,0,0,"May 30, 2014",189,0,1,0,0,PG,0,97,0,241410378
0,3120,75000000,0,0,0,Immortals,0,0,0,"November 11, 2011",105,1,0,1,0,R,0,110,0,83504017
0,3773,165000000,0,0,0,Big Hero 6,0,0,0,"November 7, 2014",203,0,1,1,0,PG,0,108,0,222527828
0,2555,5000000,0,0,0,Our Idiot Brother,0,0,0,"August 26, 2011",91,1,0,0,0,R,0,90,1,24816118
0,2784,40000000,0,0,0,The Wicker Man,0,1,0,"September 1, 2006",77,0,0,0,0,PG-13,0,106,1,23649127
0,2613,80000000,1,0,0,Evolution,0,1,0,"June 8, 2001",77,0,0,0,0,PG-13,0,102,0,38345494
0,4070,75000000,0,0,0,Shark Tale,0,0,0,"October 1, 2004",98,0,1,1,0,PG,0,90,0,160861908
0,277,14000000,0,0,0,Bee Season,0,1,0,"November 11, 2005",84,0,0,1,0,PG-13,0,105,0,1180560
0,3534,100000000,1,0,0,Land of the Lost,0,1,0,"June 5, 2009",70,0,0,0,0,PG-13,0,93,0,49438370
0,3108,60000000,0,0,0,Eat Pray Love,0,1,0,"August 13, 2010",84,0,0,0,0,PG-13,0,133,1,80574010
1,9,10000000,0,0,0,The Good Guy,0,0,0,"February 19, 2010",35,1,0,0,0,R,0,90,0,100688
0,2466,28000000,0,0,0,Bring It On,0,1,0,"August 25, 2000",133,0,0,0,0,PG-13,0,98,1,68379000
1,32,3500000,0,0,0,Tamara,0,0,0,"February 3, 2006",91,1,0,0,0,R,0,98,0,206871
0,2635,60000000,0,0,0,Analyze That,0,0,0,"December 6, 2002",77,1,0,1,0,R,0,100,0,32130627
0,1438,16500000,0,0,0,The Illusionist,0,1,0,"August 18, 2006",182,0,0,0,0,PG-13,0,109,1,39868642
0,13,18000000,0,0,0,Renaissance,0,0,0,"September 22, 2006",28,1,0,0,0,R,0,105,1,70644
0,1501,27000000,0,0,0,Suspect Zero,0,0,0,"August 27, 2004",56,1,0,0,0,R,0,100,1,8725813
0,3778,140000000,0,0,0,Rush Hour 3,0,1,0,"August 10, 2007",98,0,0,0,0,PG-13,0,90,1,140125968
0,3003,50000000,0,0,0,The Judge,0,0,0,"October 10, 2014",98,1,0,1,0,R,0,141,0,47119388
0,52,42000000,1,0,0,Micmacs,0,0,0,"May 28, 2010",147,1,0,0,0,R,0,105,0,1262079
1,3208,25000000,0,0,0,The Grey,0,0,0,"January 27, 2012",84,1,0,0,0,R,0,117,0,51580236
0,3550,105000000,1,0,0,The Great Gatsby (2013),0,1,0,"May 10, 2013",105,0,0,0,0,PG-13,0,143,0,144840419
0,3222,60000000,0,0,0,Contagion,0,1,0,"September 9, 2011",98,0,0,0,0,PG-13,0,105,1,75658097
0,442,14000000,0,0,0,Flipped,0,0,0,"August 6, 2010",70,0,1,0,0,PG,0,90,1,1755212
0,1412,80000000,0,0,0,Nine,0,1,0,"December 18, 2009",91,0,0,1,0,PG-13,0,110,0,19676965
0,3602,69000000,0,0,0,Despicable Me,0,0,0,"July 9, 2010",196,0,1,0,0,PG,0,95,1,251513985
0,1961,40000000,1,0,0,Big Trouble,0,1,0,"April 5, 2002",77,0,0,0,0,PG-13,0,85,0,7267307
0,3005,39000000,0,0,0,Frankenweenie,0,0,0,"October 5, 2012",147,0,1,1,0,PG,0,87,0,35291068
1,3065,100000000,0,0,0,Hidalgo,0,1,0,"March 5, 2004",140,0,0,0,0,PG-13,0,136,0,67303450
0,6,10000000,1,0,0,Shade,0,0,0,"April 9, 2004",35,1,0,0,0,R,0,95,0,25032
1,2622,35000000,0,0,0,Broken City,0,0,0,"January 18, 2013",77,1,0,0,0,R,0,109,0,19701164
1,4060,165000000,0,0,0,How to Train Your Dragon,0,0,0,"March 26, 2010",119,0,1,0,0,PG,0,98,0,217581231
0,3026,135000000,0,0,0,Miami Vice,0,0,0,"July 28, 2006",70,1,0,0,0,R,0,146,1,63450470
0,1033,18000000,0,0,0,Anything Else,0,0,0,"September 19, 2003",28,1,0,0,0,R,0,108,1,3212310
1,2568,70000000,0,0,0,Blackhat,0,0,0,"January 16, 2015",21,1,0,0,0,R,0,135,0,7889395
0,1690,25000000,0,0,0,Blindness,0,0,0,"October 3, 2008",14,1,0,1,0,R,0,118,0,3351751
0,7,1500000,0,0,0,Forty Shades of Blue,0,0,0,"September 30, 2005",84,1,0,0,0,R,0,108,1,75828
1,2789,30000000,0,0,0,Sanctum,0,0,0,"February 4, 2011",28,1,0,0,0,R,0,103,0,23209310
0,3975,103000000,1,0,1,Rio 2,0,0,0,"April 11, 2014",147,0,0,0,0,G,0,101,0,131538435
0,20,5000000,0,0,0,The OH in Ohio,0,0,0,"July 14, 2006",91,1,0,0,0,R,0,91,1,418689
0,994,4000000,0,0,0,The Kids Are All Right,0,0,0,"July 9, 2010",105,1,0,0,0,R,0,106,1,20811365
0,3543,58000000,0,0,0,Just Like Heaven,0,1,0,"September 16, 2005",77,0,0,0,0,PG-13,0,95,1,48318130
1,2549,31000000,0,0,0,Extraordinary Measures,0,0,0,"January 22, 2010",21,0,1,0,0,PG,0,106,0,12068313
0,3325,65000000,1,0,0,Sex and the City,0,0,0,"May 30, 2008",112,1,0,0,0,R,0,135,0,152647258
0,2780,7000000,0,0,0,End of Watch,0,0,0,"September 21, 2012",119,1,0,0,0,R,0,109,1,41003371
0,2776,80000000,0,0,0,The Invasion,0,1,0,"August 17, 2007",56,0,0,0,0,PG-13,0,93,1,15074191
1,277,15000000,0,0,0,The Company Men,0,0,0,"January 21, 2011",119,1,0,0,0,R,0,105,0,4441272
0,3992,180000000,1,0,1,WALL-E,0,0,0,"June 27, 2008",196,0,0,0,0,G,0,97,0,223808164
0,2633,35000000,1,0,0,The Big Wedding,0,0,0,"April 26, 2013",70,1,0,0,0,R,0,89,0,21819348
0,2505,30000000,0,0,0,Must Love Dogs,0,1,0,"July 29, 2005",98,0,0,0,0,PG-13,0,98,1,43894863
0,2035,6600000,1,0,0,Jumping the Broom,0,1,0,"May 6, 2011",56,0,0,0,0,PG-13,0,113,0,37295394
1,1212,35000000,0,0,0,The Other Boleyn Girl,0,1,0,"February 29, 2008",56,0,0,0,0,PG-13,0,114,0,26814957
1,3477,80000000,0,0,0,The Pink Panther (2006),0,0,0,"February 10, 2006",70,0,1,0,0,PG,0,92,0,82226474
0,2375,90000000,0,0,0,Flags of Our Fathers,0,0,0,"October 20, 2006",56,1,0,1,0,R,0,132,0,33602376
0,2004,15000000,1,0,0,Ex Machina,0,0,0,"April 10, 2015",147,1,0,0,0,R,0,110,0,25442958
0,2840,75000000,1,0,0,Hollywood Homicide,0,1,0,"June 13, 2003",84,0,0,0,0,PG-13,0,111,0,30940691
0,1164,9000000,1,0,0,Gracie,0,1,0,"June 1, 2007",56,0,0,0,0,PG-13,0,95,0,2956339
0,3284,61000000,0,0,0,Gone Girl,0,0,0,"October 3, 2014",147,1,0,1,0,R,0,145,0,167767189
0,608,12000000,1,0,0,The Rover,0,0,0,"June 13, 2014",70,1,0,0,0,R,0,102,0,1114423
1,955,16000000,0,0,0,The Lookout,0,0,0,"March 30, 2007",35,1,0,0,0,R,0,98,0,4600585
0,2720,100000,0,0,0,The Gallows,0,0,0,"July 10, 2015",70,1,0,0,0,R,0,81,1,22764410
0,3742,150000000,0,0,0,Frozen,0,0,0,"November 22, 2013",238,0,1,1,0,PG,0,108,0,400738009
0,3553,98000000,1,0,0,The Mummy Returns,0,1,0,"May 4, 2001",154,0,0,0,0,PG-13,0,130,0,202019785
0,2820,62000000,1,0,0,U-571,0,1,0,"April 21, 2000",119,0,0,0,0,PG-13,0,117,0,77122415
0,2816,40000000,1,0,0,Made of Honor,0,1,0,"May 2, 2008",63,0,0,0,0,PG-13,0,101,0,46012734
1,2584,18000000,0,0,0,Labor Day,0,1,0,"January 31, 2014",49,0,0,0,0,PG-13,0,111,0,13371528
0,2904,35000000,1,0,0,Something Borrowed,0,1,0,"May 6, 2011",84,0,0,0,0,PG-13,0,103,0,39046489
0,1789,7000000,0,0,0,Beyond the Lights,0,1,0,"November 14, 2014",84,0,0,1,0,PG-13,0,116,0,14618727
0,1192,12600000,0,0,0,The Drop,0,0,0,"September 12, 2014",63,1,0,0,0,R,0,106,1,10724389
0,216,10000000,1,0,0,A Better Life,0,1,0,"June 24, 2011",70,0,0,0,0,PG-13,0,97,0,1759252
1,2364,50000000,0,0,0,The International,0,0,0,"February 13, 2009",42,1,0,0,0,R,0,118,0,25450527
0,3007,35000000,0,0,0,School for Scoundrels,0,1,0,"September 29, 2006",84,0,0,0,0,PG-13,0,100,1,17807569
0,2905,40000000,1,0,0,Jersey Boys,0,0,0,"June 20, 2014",98,1,0,0,0,R,0,134,0,47047013
1,2781,15000000,0,0,0,Mama,0,1,0,"January 18, 2013",77,0,0,0,0,PG-13,0,100,0,71628180
0,2995,16000000,0,0,0,The Women (2008),0,1,0,"September 12, 2008",70,0,0,0,0,PG-13,0,114,1,26902075
0,2525,50000000,0,0,0,Blood Work,0,0,0,"August 9, 2002",77,1,0,0,0,R,0,110,1,26235081
0,2566,18000000,0,0,0,John Tucker Must Die,0,1,0,"July 28, 2006",98,0,0,0,0,PG-13,0,87,1,41011711
1,1794,11000000,0,0,0,I Think I Love My Wife,0,0,0,"March 16, 2007",77,1,0,0,0,R,0,90,0,12550605
0,3188,103000000,1,0,0,Gladiator,1,0,0,"May 5, 2000",371,1,0,0,1,R,0,155,0,187705427
0,672,12500000,0,0,0,Conviction,0,0,0,"October 15, 2010",77,1,0,1,0,R,0,107,0,6783129
0,1872,18000000,0,0,0,I Love You Beth Cooper,0,1,0,"July 10, 2009",84,0,0,0,0,PG-13,0,102,1,14800725
0,3235,70000000,0,0,0,Lady in the Water,0,1,0,"July 21, 2006",70,0,0,0,0,PG-13,0,110,1,42285169
0,2088,26000000,0,0,0,Brothers,0,0,0,"December 4, 2009",49,1,0,1,0,R,0,110,0,28544157
0,3988,120000000,1,0,1,Cars,0,0,0,"June 9, 2006",133,0,0,0,0,G,0,116,0,244082982
0,41,6400000,1,0,0,Young Adam,0,0,1,"April 16, 2004",126,0,0,0,0,NC-17,0,93,0,767373
0,901,20000000,0,0,0,I Heart Huckabees,0,0,0,"October 1, 2004",147,1,0,1,0,R,0,106,0,12785432
0,3716,50000000,0,0,0,Planes,0,0,0,"August 9, 2013",133,0,1,0,0,PG,0,92,1,90288712
0,3472,60000000,1,0,0,Daddy Day Care,0,0,0,"May 9, 2003",175,0,1,0,0,PG,0,92,0,104297061
0,2645,40000000,1,0,0,The Lake House,0,0,0,"June 16, 2006",98,0,1,0,0,PG,0,105,0,52330111
0,2654,16000000,1,0,0,Road Trip,0,0,0,"May 19, 2000",112,1,0,0,0,R,0,94,0,68540777
0,3792,160000000,0,0,0,Inception,0,1,0,"July 16, 2010",175,0,0,0,0,PG-13,0,148,1,292576195
1,3548,80000000,0,0,0,Just Go With It,0,1,0,"February 11, 2011",98,0,0,0,0,PG-13,0,110,0,103028109
1,3117,150000000,0,0,0,Mars Needs Moms,0,0,0,"March 11, 2011",105,0,1,0,0,PG,0,88,0,21392758
0,1520,55000000,0,0,0,All the King's Men,0,1,0,"September 22, 2006",28,0,0,0,0,PG-13,0,141,1,7221458
1,2805,38000000,0,0,0,Cursed,0,1,0,"February 25, 2005",77,0,0,0,0,PG-13,0,96,0,19297522
1,2363,14000000,0,0,0,Head Over Heels,0,1,0,"February 2, 2001",35,0,0,0,0,PG-13,0,87,0,10424470
0,920,80000000,0,0,0,The Great Raid,0,0,0,"August 12, 2005",70,1,0,0,0,R,0,132,1,10167373
0,5,350000,1,0,0,Royal Kill,0,1,0,"April 10, 2009",21,0,0,0,0,PG-13,0,90,0,50090
0,39,12000000,1,0,0,Ondine,0,1,0,"June 4, 2010",119,0,0,0,0,PG-13,0,102,0,550472
1,2831,20000000,0,0,0,Premonition,0,1,0,"March 16, 2007",49,0,0,0,0,PG-13,0,110,0,47852604
0,4136,130000000,1,0,0,Kung Fu Panda,0,0,0,"June 6, 2008",126,0,1,0,0,PG,0,91,0,215434591
0,3949,130000000,0,0,0,Megamind,0,0,0,"November 5, 2010",112,0,1,1,0,PG,0,96,0,148415853
0,1214,2000000,0,0,0,Courageous,0,1,0,"September 30, 2011",119,0,0,0,0,PG-13,0,130,1,34522221
0,3654,82000000,1,0,0,The Longest Yard,0,1,0,"May 27, 2005",133,0,0,0,0,PG-13,0,109,0,158119460
1,2155,13000000,0,0,0,The Astronaut Farmer,0,0,0,"February 23, 2007",63,0,1,0,0,PG,0,104,0,11003643
1,3245,70000000,0,0,0,The Pink Panther 2,0,0,0,"February 6, 2009",49,0,1,0,0,PG,0,92,0,35922978
1,2759,30000000,0,0,0,The Number 23,0,0,0,"February 23, 2007",35,1,0,0,0,R,0,95,0,35193167
1,2742,24000000,0,0,0,Old School,0,0,0,"February 21, 2003",119,1,0,0,0,R,0,91,0,75585093
0,3544,110000000,1,0,0,The A-Team,0,1,0,"June 11, 2010",98,0,0,0,0,PG-13,0,117,0,77222099
0,2949,4000000,0,0,0,Saw II,0,0,0,"October 28, 2005",70,1,0,1,0,R,0,91,0,87039965
1,3078,70000000,0,0,0,Underworld Awakening,0,0,0,"January 20, 2012",49,1,0,0,0,R,0,88,0,62321039
0,2479,8000000,0,0,0,50/50,0,0,0,"September 30, 2011",91,1,0,0,0,R,0,99,1,35014192
0,2815,37000000,1,0,0,Aloha,0,1,0,"May 29, 2015",63,0,0,0,0,PG-13,0,105,0,21067116
0,1622,42000000,0,0,0,The Warrior's Way,0,0,0,"December 3, 2010",63,1,0,1,0,R,0,100,0,5666340
1,3184,25000000,0,0,0,Taken,0,1,0,"January 30, 2009",161,0,0,0,0,PG-13,0,93,0,145000989
0,1701,18000000,0,0,0,Under the Tuscan Sun,0,1,0,"September 26, 2003",133,0,0,0,0,PG-13,0,113,1,43610723
0,3155,40000000,0,0,0,Final Destination 5,0,0,0,"August 12, 2011",63,1,0,0,0,R,0,95,1,42587643
0,3011,60000000,0,0,0,Meet Dave,0,0,0,"July 11, 2008",91,0,1,0,0,PG,0,90,1,11803254
0,2899,5000000,0,0,0,Ouija,0,1,0,"October 24, 2014",56,0,0,1,0,PG-13,0,89,0,50856010
0,4115,200000000,1,0,1,Cars 2,0,0,0,"June 24, 2011",175,0,0,0,0,G,0,113,0,191452396
0,3963,150000000,1,0,0,Thor,0,1,0,"May 6, 2011",112,0,0,0,0,PG-13,0,115,0,181030624
0,4404,250000000,0,0,0,The Dark Knight Rises,0,1,0,"July 20, 2012",147,0,0,0,0,PG-13,0,165,1,448139099
0,4164,185000000,1,0,0,Brave,0,0,0,"June 22, 2012",210,0,1,0,0,PG,0,100,0,237283207
0,3656,36000000,0,0,0,Dolphin Tale 2,0,0,0,"September 12, 2014",98,0,1,0,0,PG,0,107,1,42024533
1,3261,40000000,0,0,0,Big Momma's House 2,0,1,0,"January 27, 2006",126,0,0,0,0,PG-13,0,99,0,70165972
0,1607,26000000,1,0,0,Redline,0,1,0,"April 13, 2007",42,0,0,0,0,PG-13,0,95,0,6881022
0,3108,45000000,0,0,0,Aliens in the Attic,0,0,0,"July 31, 2009",119,0,1,0,0,PG,0,86,1,25200412
1,4137,78000000,0,0,0,The Hunger Games,0,1,0,"March 23, 2012",168,0,0,0,0,PG-13,0,142,0,408010692
0,3451,110000000,1,0,0,Mr. & Mrs. Smith,0,1,0,"June 10, 2005",189,0,0,0,0,PG-13,0,115,0,186336279
0,2469,20000000,1,0,0,Street Kings,0,0,0,"April 11, 2008",98,1,0,0,0,R,0,107,0,26418667
0,1060,3000000,1,0,0,Phat Girlz,0,1,0,"April 7, 2006",98,0,0,0,0,PG-13,0,99,0,7061128
0,2608,62000000,0,0,0,Aeon Flux,0,1,0,"December 2, 2005",70,0,0,1,0,PG-13,0,95,0,25874337
0,2848,25000000,0,0,0,Shark Night 3D,0,1,0,"September 2, 2011",84,0,0,0,0,PG-13,0,95,1,18877153
0,219,56600000,0,0,0,A Very Long Engagement,0,0,0,"November 26, 2004",112,1,0,1,0,R,0,134,0,6524389
0,3083,35000000,1,0,0,Nacho Libre,0,0,0,"June 16, 2006",84,0,1,0,0,PG,0,100,0,80197993
0,3438,79000000,0,0,0,Jack and Jill,0,0,0,"November 11, 2011",112,0,1,1,0,PG,0,91,0,74158157
1,3280,65000000,0,0,0,300,0,0,0,"March 9, 2007",126,1,0,0,0,R,0,117,0,210614939
0,7,6000000,0,0,0,Mini's First Time,0,0,0,"July 14, 2006",98,1,0,0,0,R,0,91,1,49034
0,3306,40000000,1,0,0,The Other Woman (2014),0,1,0,"April 25, 2014",112,0,0,0,0,PG-13,0,109,0,83911193
0,987,12000000,0,0,0,Young Adult,0,0,0,"December 9, 2011",77,1,0,1,0,R,0,94,0,16311571
0,3545,35000000,1,0,0,The Hangover,0,0,0,"June 5, 2009",196,1,0,0,0,R,0,96,0,277322503
0,3736,55000000,0,0,0,Free Birds,0,0,0,"November 1, 2013",140,0,1,1,0,PG,0,90,0,55750480
0,131,5000000,0,0,0,Rabbit Hole,0,1,0,"December 17, 2010",112,0,0,1,0,PG-13,0,92,0,2229058
0,3003,25000000,0,0,0,The Giver,0,1,0,"August 15, 2014",119,0,0,0,0,PG-13,0,91,1,45090374
0,2988,39000000,0,0,0,The Time Traveler's Wife,0,1,0,"August 14, 2009",112,0,0,0,0,PG-13,0,108,1,63414846
0,143,2000000,0,0,0,Death of a President,0,0,0,"October 27, 2006",14,1,0,1,0,R,0,90,0,519086
0,3381,33000000,0,0,0,Elf,0,0,0,"November 7, 2003",119,0,1,1,0,PG,0,95,0,173398518
0,472,17000000,0,0,0,Veronica Guerin,0,0,0,"October 17, 2003",49,1,0,1,0,R,0,94,0,1571504
0,2541,35000000,0,0,0,Alex Cross,0,1,0,"October 19, 2012",77,0,0,1,0,PG-13,0,101,0,25888412
0,2767,100000000,0,0,0,Bicentennial Man,0,0,0,"December 17, 1999",168,0,1,1,0,PG,0,131,0,58223861
0,6,8000000,0,0,0,10th & Wolf,0,0,0,"August 18, 2006",28,1,0,0,0,R,0,110,1,54702
0,3157,30000000,0,0,0,American Pie 2,0,0,0,"August 10, 2001",133,1,0,0,0,R,0,104,1,145103595
0,2542,50000000,0,0,0,Shall We Dance,0,1,0,"October 15, 2004",133,0,0,1,0,PG-13,0,95,0,57890460
0,3505,56000000,0,0,0,New Year's Eve,0,1,0,"December 9, 2011",77,0,0,1,0,PG-13,0,117,0,54544638
0,3614,80000000,0,0,0,Eagle Eye,0,1,0,"September 26, 2008",105,0,0,0,0,PG-13,0,118,1,101440743
0,47,1000000,0,0,0,Sweet Land,0,0,0,"October 13, 2006",273,0,1,1,0,PG,0,110,0,1706325
0,3276,40000000,1,0,0,Arthur (2011),0,1,0,"April 8, 2011",63,0,0,0,0,PG-13,0,110,0,33035397
0,3697,150000000,0,0,0,G-Force,0,0,0,"July 24, 2009",133,0,1,0,0,PG,0,90,1,119436770
0,2819,60000000,0,0,0,After the Sunset,0,1,0,"November 12, 2004",84,0,0,1,0,PG-13,0,98,0,28331233
0,3501,200000000,0,0,0,Quantum of Solace,0,1,0,"November 14, 2008",77,0,0,1,0,PG-13,0,106,0,168368427
0,3771,160000000,1,0,0,Fast & Furious 6,0,1,0,"May 24, 2013",105,0,0,0,0,PG-13,0,130,0,238679850
0,3963,130000000,0,0,0,Puss in Boots,0,0,0,"October 28, 2011",126,0,1,1,0,PG,0,90,0,149260504
0,2503,5000000,0,0,0,The Gift (2015),0,0,0,"August 7, 2015",63,1,0,0,0,R,0,108,1,43787265
1,1253,15000000,0,0,0,Black Snake Moan,0,0,0,"March 2, 2007",84,1,0,0,0,R,0,116,0,9396870
0,2572,25000000,0,0,0,My Soul to Take,0,0,0,"October 8, 2010",28,1,0,1,0,R,0,107,0,14744435
0,1887,16000000,0,0,0,Left Behind (2014),0,1,0,"October 3, 2014",70,0,0,1,0,PG-13,0,105,0,14019924
1,2722,52000000,0,0,0,From Paris with Love,0,0,0,"February 5, 2010",35,1,0,0,0,R,0,95,0,24077427
0,2787,17000000,0,0,0,Pitch Perfect,0,1,0,"September 28, 2012",140,0,0,0,0,PG-13,0,112,1,65001093
1,2534,15000000,0,0,0,My Bloody Valentine 3-D,0,0,0,"January 16, 2009",56,1,0,0,0,R,0,101,0,51545952
0,1883,25000000,0,0,0,Warrior,0,1,0,"September 9, 2011",56,0,0,0,0,PG-13,0,139,1,13657115
0,2463,12000000,0,0,0,Quarantine,0,0,0,"October 10, 2008",42,1,0,1,0,R,0,89,0,31691811
0,1510,16000000,0,0,0,White Oleander,0,1,0,"October 11, 2002",63,0,0,1,0,PG-13,0,110,0,16357770
0,2877,60000000,1,0,0,The Italian Job,0,1,0,"May 30, 2003",161,0,0,0,0,PG-13,0,111,0,106128601
0,2105,1500000,0,0,0,Cabin Fever,0,0,0,"September 12, 2003",84,1,0,0,0,R,0,94,1,21158188
0,67,7300000,1,0,0,Harry Brown,0,0,0,"April 30, 2010",105,1,0,0,0,R,0,103,0,1818681
0,3740,40000000,1,0,0,The Karate Kid,0,0,0,"June 11, 2010",105,0,1,0,0,PG,0,140,0,176591618
0,7,1000000,1,0,0,New Suit,0,0,0,"May 2, 2003",217,1,0,0,0,R,0,92,0,71743
0,1553,20000000,0,0,0,The World's End,0,0,0,"August 23, 2013",105,1,0,0,0,R,0,109,1,26004851
0,1287,20000000,0,0,0,Doubt,0,1,0,"December 12, 2008",119,0,0,1,0,PG-13,0,104,0,33446470
0,2500,40000000,0,0,0,The Musketeer,0,1,0,"September 7, 2001",49,0,0,0,0,PG-13,0,104,1,27073640
0,3011,20000000,0,0,0,What's Your Number?,0,0,0,"September 30, 2011",56,1,0,0,0,R,0,106,1,14011084
0,2931,35000000,0,0,0,This Is 40,0,0,0,"December 21, 2012",70,1,0,1,0,R,0,133,0,67544505
0,2310,4000000,1,0,0,A Haunted House 2,0,0,0,"April 18, 2014",56,1,0,0,0,R,0,87,0,17329486
0,763,7500000,0,1,0,An Education,1,1,0,"October 9, 2009",210,0,0,1,0,PG-13,0,95,0,12574914
0,3580,160000000,1,0,0,Van Helsing,0,1,0,"May 7, 2004",112,0,0,0,0,PG-13,0,130,0,120177084
1,1805,3000000,0,0,0,Super Troopers,0,0,0,"February 15, 2002",77,1,0,0,0,R,0,103,0,18492362
0,2023,55000000,0,0,0,City of Ember,0,0,0,"October 10, 2008",98,0,1,1,0,PG,0,95,0,7873007
0,3658,150000000,0,0,1,Chicken Little,0,0,0,"November 4, 2005",161,0,0,1,0,G,0,81,0,135386665
0,2945,28000000,0,0,0,Kick-Ass 2,0,0,0,"August 16, 2013",42,1,0,0,0,R,0,103,1,28795985
0,3527,150000000,1,0,0,Angels & Demons,0,1,0,"May 15, 2009",84,0,0,0,0,PG-13,0,140,0,133375846
1,3053,12000000,0,0,0,Act of Valor,0,0,0,"February 24, 2012",105,1,0,0,0,R,0,111,0,70012847
1,1946,15000000,0,0,0,Slither,0,0,0,"March 31, 2006",28,1,0,0,0,R,0,96,0,7802450
1,2517,55000000,0,0,0,The Hunted,0,0,0,"March 14, 2003",77,1,0,0,0,R,0,94,0,34244097
0,2606,33000000,0,0,0,Step Up Revolution,0,1,0,"July 27, 2012",70,0,0,0,0,PG-13,0,100,1,35074677
0,48,13000000,1,0,0,The Life Before Her Eyes,0,0,0,"April 18, 2008",77,1,0,0,0,R,0,90,0,303439
0,2491,24000000,0,0,0,Piranha 3D,0,0,0,"August 20, 2010",91,1,0,0,0,R,0,89,1,25003155
1,83,13000000,0,0,0,A Prophet (Un prophte),0,0,0,"February 26, 2010",126,1,0,0,0,R,0,150,0,2087720
0,3243,100000000,0,0,0,National Treasure,0,0,0,"November 19, 2004",196,0,1,1,0,PG,0,131,0,173008894
1,3345,48000000,0,0,0,Tooth Fairy,0,0,0,"January 22, 2010",154,0,1,0,0,PG,0,102,0,60022256
1,2729,20000000,0,0,0,Never Back Down,0,1,0,"March 14, 2008",84,0,0,0,0,PG-13,0,110,0,24850922
1,3143,75000000,0,0,0,We Were Soldiers,0,0,0,"March 1, 2002",126,1,0,0,0,R,0,138,0,78122718
1,70,10000000,0,0,0,Dogville,0,0,0,"March 26, 2004",84,1,0,0,0,R,0,177,0,1535286
1,3009,35000000,0,0,0,Warm Bodies,0,1,0,"February 1, 2013",98,0,0,0,0,PG-13,0,97,0,66380662
1,2631,20000000,0,0,0,She's the Man,0,1,0,"March 17, 2006",77,0,0,0,0,PG-13,0,105,0,33741133
0,2852,130000000,0,0,0,R.I.P.D.,0,1,0,"July 19, 2013",70,0,0,0,0,PG-13,0,96,1,33618855
1,3105,19000000,0,0,0,Friday the 13th (2009),0,0,0,"February 13, 2009",70,1,0,0,0,R,0,95,0,65002019
0,1896,55000000,0,0,0,Changeling,0,0,0,"October 24, 2008",77,1,0,1,0,R,0,140,0,35739802
0,3933,92000000,0,0,0,The Incredibles,0,0,0,"November 5, 2004",161,0,1,1,0,PG,0,115,0,261441092
0,2215,60000000,0,0,0,Alfie,0,0,0,"November 5, 2004",70,1,0,1,0,R,0,102,0,13399812
0,7,1800000,0,0,0,Crazy as Hell,0,0,0,"September 27, 2002",14,1,0,0,0,R,0,113,1,21679
0,3482,30000000,1,0,0,The Three Stooges,0,0,0,"April 13, 2012",126,0,1,0,0,PG,0,92,0,44338224
0,3649,115000000,0,0,1,"Monsters, Inc.",0,0,0,"November 2, 2001",329,0,0,1,0,G,0,90,0,255873250
1,2875,95000000,0,0,0,Seventh Son,0,1,0,"February 6, 2015",42,0,0,0,0,PG-13,0,102,0,17223265
0,3050,50000000,0,0,0,The Ant Bully,0,0,0,"July 28, 2006",112,0,1,0,0,PG,0,82,1,28142535
0,1554,45000000,0,0,0,Johnny English Reborn,0,0,0,"October 21, 2011",35,0,1,1,0,PG,0,101,0,8305970
1,2169,13000000,0,0,0,Stomp the Yard,0,1,0,"January 12, 2007",70,0,0,0,0,PG-13,0,115,0,61356221
0,1614,8000000,0,0,0,Extract,0,0,0,"September 4, 2009",42,1,0,0,0,R,0,90,1,10823158
1,3118,40000000,0,0,0,The Bounty Hunter,0,1,0,"March 19, 2010",112,0,0,0,0,PG-13,0,106,0,67061228
0,476,35000000,0,0,0,The Young Victoria,0,0,0,"December 18, 2009",133,0,1,1,0,PG,0,104,0,11001272
0,2350,10200000,1,0,0,Hostel Part II,0,0,0,"June 8, 2007",28,1,0,0,0,R,0,94,0,17609452
0,3046,69000000,0,0,0,Dinner for Schmucks,0,1,0,"July 30, 2010",77,0,0,0,0,PG-13,0,110,1,73026337
0,3117,38000000,0,0,0,Riddick,0,0,0,"September 6, 2013",56,1,0,0,0,R,0,119,1,42025135
0,3555,33000000,0,0,0,Snakes on a Plane,0,0,0,"August 18, 2006",84,1,0,0,0,R,0,106,1,34020814
0,1615,12600000,1,0,0,Wrong Turn,0,0,0,"May 30, 2003",119,1,0,0,0,R,0,81,0,15418790
0,176,13300000,1,0,0,Under the Skin (2014),0,0,0,"April 4, 2014",133,1,0,0,0,R,0,107,0,2614251
1,2296,25000000,0,0,0,The Eagle,0,1,0,"February 11, 2011",56,0,0,0,0,PG-13,0,114,0,19490041
1,2368,35000000,0,0,0,Untraceable,0,0,0,"January 25, 2008",42,1,0,0,0,R,0,101,0,28687835
0,2798,28000000,0,0,0,Role Models,0,0,0,"November 7, 2008",84,1,0,1,0,R,0,95,0,67294270
0,591,1500000,0,0,0,The To-Do List,0,0,0,"July 26, 2013",21,1,0,0,0,R,0,100,1,3491669
0,2,300000,0,0,0,First Morning,0,1,0,"July 15, 2005",133,0,0,0,0,PG-13,0,90,1,87264
0,51,5500000,1,0,0,In a Better World,0,0,0,"April 1, 2011",161,1,0,0,0,R,0,119,0,1008098
1,2512,19000000,0,0,0,Leap Year,0,0,0,"January 8, 2010",56,0,1,0,0,PG,0,97,0,25918920
0,2825,47000000,1,0,0,Jonah Hex,0,1,0,"June 18, 2010",56,0,0,0,0,PG-13,0,81,0,10547117
1,29,15500000,0,0,0,The Yellow Handkerchief,0,1,0,"February 26, 2010",84,0,0,0,0,PG-13,0,102,0,318623
0,3674,85000000,1,0,0,Fast and Furious,0,1,0,"April 3, 2009",91,0,0,0,0,PG-13,0,99,0,155064265
0,924,16000000,1,0,0,Moonrise Kingdom,0,1,0,"May 25, 2012",161,0,0,0,0,PG-13,0,93,0,45512466
0,3380,55000000,1,0,0,Date Night,0,1,0,"April 9, 2010",154,0,0,0,0,PG-13,0,88,0,98711404
0,3108,35000000,0,0,0,Secretariat,0,0,0,"October 8, 2010",126,0,1,1,0,PG,0,116,0,59713955
0,3418,76000000,1,0,0,2 Fast 2 Furious,0,1,0,"June 6, 2003",133,0,0,0,0,PG-13,0,101,0,127154901
0,170,3200000,1,0,0,Beginners,0,0,0,"June 3, 2011",98,1,0,0,0,R,0,104,0,5790894
0,2449,32000000,1,0,0,Laws of Attraction,0,1,0,"April 30, 2004",49,0,0,0,0,PG-13,0,87,0,17871255
0,1920,100000000,0,0,0,Blood Diamond,0,0,0,"December 8, 2006",126,1,0,1,0,R,0,138,0,57377916
0,2912,35000000,0,0,0,Sky High,0,0,0,"July 29, 2005",126,0,1,0,0,PG,0,102,1,63946815
0,1,135000,0,0,0,The Tunnel (2011),0,0,0,"August 5, 2011",14,0,0,0,0,Unrated,1,90,1,1532
0,3365,65000000,0,0,0,Due Date,0,0,0,"November 5, 2010",84,1,0,1,0,R,0,95,0,100539043
0,6,12000000,0,0,0,5 Days of War,0,0,0,"August 19, 2011",28,1,0,0,0,R,0,113,1,17479
0,2270,72000000,0,0,0,The Last Castle,0,0,0,"October 19, 2001",63,1,0,1,0,R,0,133,0,18244060
1,2901,14000000,0,0,0,Hot Tub Time Machine 2,0,0,0,"February 20, 2015",35,1,0,0,0,R,0,93,0,12314651
0,2749,26000000,0,0,1,The Princess Diaries,0,0,0,"August 3, 2001",168,0,0,0,0,G,0,114,1,108248956
0,3134,35000000,0,0,0,Horrible Bosses,0,0,0,"July 8, 2011",112,1,0,0,0,R,0,100,1,117538559
0,1,50000,0,0,0,Issues,0,0,0,"October 6, 2006",7,0,0,1,0,Unrated,1,87,0,783
0,2467,1200000,0,0,0,Saw,0,0,0,"October 29, 2004",63,1,0,1,0,R,0,100,0,55185045
0,688,8000000,0,0,0,The Good Girl,0,0,0,"August 7, 2002",126,1,0,0,0,R,0,93,1,14018296
0,2763,25000000,0,0,0,The House Bunny,0,1,0,"August 22, 2008",56,0,0,0,0,PG-13,0,94,1,48237389
1,1,250000,0,0,0,FAQs,0,0,0,"February 3, 2006",7,0,0,0,0,Unrated,1,90,0,1967
1,32,1600000,0,0,0,Bubble,0,0,0,"January 27, 2006",28,1,0,0,0,R,0,72,0,145626
0,2089,14000000,0,1,0,Brokeback Mountain,1,0,0,"December 9, 2005",133,1,0,1,0,R,0,135,0,83043761
0,3842,90000000,1,0,1,Rio,0,0,0,"April 15, 2011",147,0,0,0,0,G,0,96,0,143619809
1,1803,20000000,0,0,0,Boat Trip,0,0,0,"March 21, 2003",49,1,0,0,0,R,0,95,0,8600126
1,2514,45000000,0,0,0,Last Holiday,0,1,0,"January 13, 2006",56,0,0,0,0,PG-13,0,112,0,38399961
1,69,5000000,0,0,0,Intermission,0,0,0,"March 19, 2004",84,1,0,0,0,R,0,103,0,896993
0,141,2000000,1,1,0,Winter's Bone,1,0,0,"June 11, 2010",315,1,0,0,0,R,0,100,0,6531503
0,20,4500000,0,0,0,Life During Wartime,0,0,0,"July 23, 2010",63,1,0,0,0,R,0,98,1,281447
0,2517,38000000,0,0,0,Joe Somebody,0,0,0,"December 21, 2001",105,0,1,1,0,PG,0,98,0,22771646
0,565,20000000,0,0,0,Not Fade Away,0,0,0,"December 21, 2012",35,1,0,1,0,R,0,112,0,610792
0,2353,26000000,0,0,0,Self/Less,0,1,0,"July 10, 2015",49,0,0,0,0,PG-13,0,117,1,12279691
1,2523,20000000,0,0,0,Daybreakers,0,0,0,"January 8, 2010",35,1,0,0,0,R,0,98,0,30101577
1,3323,50100000,0,0,0,Focus (2015),0,0,0,"February 27, 2015",70,1,0,0,0,R,0,104,0,53862963
0,2642,20000000,0,0,0,Disaster Movie,0,1,0,"August 29, 2008",56,0,0,0,0,PG-13,0,90,1,14190901
0,64,20000000,1,0,0,The Game of Their Lives,0,0,0,"April 22, 2005",56,0,1,0,0,PG,0,101,0,375750
1,3103,60000000,0,0,0,Gangster Squad,0,0,0,"January 11, 2013",84,1,0,0,0,R,0,113,0,46000903
0,2730,8000000,1,0,0,Prom,0,0,0,"April 29, 2011",56,0,1,0,0,PG,0,103,0,10130219
1,14,1300000,0,0,0,Journey from the Fall,0,0,0,"March 23, 2007",189,1,0,0,0,R,0,137,0,641039
0,1912,25000000,1,0,0,The Honeymooners,0,1,0,"June 10, 2005",63,0,0,0,0,PG-13,0,85,0,12843849
0,822,6500000,0,0,0,Narc,0,0,0,"December 20, 2002",91,1,0,1,0,R,0,102,0,10465659
0,2665,12500000,0,0,0,Sorority Row,0,0,0,"September 11, 2009",56,1,0,0,0,R,0,101,1,11965282
0,2250,58000000,0,0,0,A Beautiful Mind,1,1,0,"December 21, 2001",161,0,0,1,1,PG-13,0,136,0,170742341
1,2737,40000000,0,0,0,One For the Money,0,1,0,"January 27, 2012",77,0,0,0,0,PG-13,0,91,0,26414527
0,437,21000000,0,0,0,Moonlight Mile,0,1,0,"September 27, 2002",105,0,0,0,0,PG-13,0,111,1,6835856
0,916,18000000,0,1,0,127 Hours,1,0,0,"November 5, 2010",161,1,0,1,0,R,0,93,0,18335230
0,2293,65000000,0,1,0,Lincoln,1,1,0,"November 9, 2012",168,0,0,1,0,PG-13,0,145,0,182207973
0,2450,30000000,1,0,0,Splice,0,0,0,"June 4, 2010",63,1,0,0,0,R,0,104,0,17010170
0,2647,12000000,0,0,0,Step Up,0,1,0,"August 11, 2006",70,0,0,0,0,PG-13,0,98,1,65328121
0,31,1000000,0,0,0,The Future,0,0,0,"July 29, 2011",140,1,0,0,0,R,0,91,1,568662
0,3188,40000000,0,0,0,Dumb and Dumber To,0,1,0,"November 14, 2014",91,0,0,1,0,PG-13,0,110,0,86208010
0,3002,35000000,1,0,0,Furry Vengeance,0,0,0,"April 30, 2010",77,0,1,0,0,PG,0,92,0,17630465
0,2067,35000000,0,0,0,A Good Year,0,1,0,"November 10, 2006",77,0,0,1,0,PG-13,0,118,0,7459300
0,95,25000000,0,0,0,Where the Truth Lies,0,0,0,"October 7, 2005",56,1,0,1,0,R,0,108,0,872142
0,2636,20000000,0,0,0,My Best Friend's Girl,0,0,0,"September 19, 2008",35,1,0,0,0,R,0,101,1,19219250
1,1801,12000000,0,0,0,Sorority Boys,0,0,0,"March 22, 2002",91,1,0,0,0,R,0,93,0,10200032
1,288,7000000,0,0,0,Bride and Prejudice,0,1,0,"February 11, 2005",105,0,0,0,0,PG-13,0,111,0,6605592
0,3793,125000000,1,0,0,Fast Five,0,1,0,"April 29, 2011",105,0,0,0,0,PG-13,0,130,0,209837675
1,1895,40000000,0,0,0,A Thousand Words,0,1,0,"March 9, 2012",84,0,0,0,0,PG-13,0,91,0,18450127
0,3146,52000000,1,0,0,The Break-Up,0,1,0,"June 2, 2006",98,0,0,0,0,PG-13,0,106,0,118703275
0,3407,110000000,0,0,0,Ender's Game,0,1,0,"November 1, 2013",70,0,0,1,0,PG-13,0,114,0,61737191
0,2702,40000000,1,0,0,Get Him to the Greek,0,0,0,"June 4, 2010",70,1,0,0,0,R,0,109,0,60974475
0,28,4000000,1,0,0,Trust (2011),0,0,0,"April 1, 2011",21,1,0,0,0,R,0,105,0,120016
0,191,23000000,1,0,0,Cheri,0,0,0,"June 26, 2009",63,1,0,0,0,R,0,100,0,2715657
0,3482,80000000,0,0,0,Zookeeper,0,0,0,"July 8, 2011",112,0,1,0,0,PG,0,104,1,80360843
0,2422,3000000,0,0,0,Don Jon,0,0,0,"September 27, 2013",105,1,0,0,0,R,0,90,1,24477704
1,3185,60000000,0,0,0,Starsky and Hutch,0,1,0,"March 5, 2004",126,0,0,0,0,PG-13,0,97,0,88237754
0,3447,84000000,1,0,0,Scooby-Doo,0,0,0,"June 14, 2002",140,0,1,0,0,PG,0,86,0,153294164
0,3290,46000000,0,0,0,Prisoners,0,0,0,"September 20, 2013",77,1,0,0,0,R,0,146,1,61002302
0,3425,94000000,1,0,1,Finding Nemo,0,0,0,"May 30, 2003",203,0,0,0,0,G,0,104,0,339714978
0,905,12500000,0,0,0,The Matador,0,0,0,"December 30, 2005",91,1,0,1,0,R,0,96,0,12594698
0,2821,20000000,1,0,0,Prom Night (2008),0,1,0,"April 11, 2008",49,0,0,0,0,PG-13,0,88,0,43869350
0,3171,23600000,0,0,0,Zombieland,0,0,0,"October 2, 2009",77,1,0,1,0,R,0,81,0,75590286
1,2320,60000000,0,0,0,Coraline,0,0,0,"February 6, 2009",147,0,1,0,0,PG,0,100,0,75286229
0,1010,6500000,1,0,0,Friends with Money,0,0,0,"April 7, 2006",133,1,0,0,0,R,0,87,0,13368437
1,3936,85000000,0,0,0,Divergent,0,1,0,"March 21, 2014",112,0,0,0,0,PG-13,0,143,0,150947895
0,17,10000000,1,0,0,Close Your Eyes,0,0,0,"April 23, 2004",14,1,0,0,0,R,0,108,0,41392
1,3525,195000000,0,0,0,Jack the Giant Slayer,0,1,0,"March 1, 2013",105,0,0,0,0,PG-13,0,114,0,65187603
0,3120,7000000,1,0,0,Magic Mike,0,0,0,"June 29, 2012",91,1,0,0,0,R,0,110,0,113721571
0,1974,17000000,0,0,0,Lottery Ticket,0,1,0,"August 20, 2010",77,0,0,0,0,PG-13,0,99,1,24719879
0,3111,40000000,1,0,0,House of Wax,0,0,0,"May 6, 2005",84,1,0,0,0,R,0,110,0,32064800
0,3202,130000000,0,0,0,Bad Boys II,0,0,0,"July 18, 2003",126,1,0,0,0,R,0,147,1,138608444
0,2347,25000000,0,0,0,Abandon,0,1,0,"October 18, 2002",63,0,0,1,0,PG-13,0,99,0,10727683
0,1480,15000000,0,0,0,Seven Psychopaths,0,0,0,"October 12, 2012",70,1,0,1,0,R,0,109,0,15024049
0,2584,15000000,0,0,0,The King's Speech,1,0,0,"November 26, 2010",126,1,0,1,1,R,0,118,0,135453143
0,3401,60000000,0,0,0,Alien Vs. Predator,0,1,0,"August 13, 2004",112,0,0,0,0,PG-13,0,87,1,80282231
0,3110,100000000,0,0,0,American Gangster,0,0,0,"November 2, 2007",91,1,0,1,0,R,0,160,0,130164645
0,1407,8000000,1,0,0,28 Days Later,0,0,0,"June 27, 2003",126,1,0,0,0,R,0,113,0,45064915
0,3674,45000000,1,0,0,Scary Movie 4,0,1,0,"April 14, 2006",112,0,0,0,0,PG-13,0,83,0,90710620
0,3505,48000000,0,0,0,Scary Movie 3,0,1,0,"October 24, 2003",119,0,0,1,0,PG-13,0,90,0,110003217
0,2209,26000000,1,0,0,The Raven,0,0,0,"April 27, 2012",77,1,0,0,0,R,0,103,0,16008272
0,42,8000000,0,0,0,I Capture the Castle,0,0,0,"July 11, 2003",84,1,0,0,0,R,0,113,1,1179035
0,3518,37000000,1,0,0,Nim's Island,0,0,0,"April 4, 2008",147,0,1,0,0,PG,0,95,0,48006762
0,2888,28000000,0,0,0,30 Minutes or Less,0,0,0,"August 12, 2011",49,1,0,0,0,R,0,83,1,37053924
0,2277,32000000,0,0,0,Dragon Wars,0,1,0,"September 14, 2007",35,0,0,0,0,PG-13,0,90,1,10977721
0,1543,5000000,0,0,0,The Green Inferno,0,0,0,"September 25, 2015",42,1,0,0,0,R,0,100,1,7192291
0,2739,10000000,0,0,0,The Banger Sisters,0,0,0,"September 20, 2002",98,1,0,0,0,R,0,94,1,30307416
0,3804,100000000,0,0,0,Happy Feet,0,0,0,"November 17, 2006",175,0,1,1,0,PG,0,108,0,198000317
0,3434,50000000,0,0,0,Into The Storm,0,1,0,"August 8, 2014",105,0,0,0,0,PG-13,0,89,1,47602194
0,2772,49900000,1,0,0,Your Highness,0,0,0,"April 8, 2011",42,1,0,0,0,R,0,102,0,21596445
0,37,780000,0,0,0,Saints and Soldiers,0,1,0,"August 6, 2004",294,0,0,0,0,PG-13,0,90,1,1310470
0,2609,107000000,1,0,0,The Alamo (2004),0,1,0,"April 9, 2004",105,0,0,0,0,PG-13,0,137,0,22414961
0,3651,100000000,0,0,0,The Other Guys,0,1,0,"August 6, 2010",105,0,0,0,0,PG-13,0,107,1,119219978
1,3575,70000000,0,0,0,Hitch,0,1,0,"February 11, 2005",119,0,0,0,0,PG-13,0,115,0,179495555
0,237,32000000,1,0,0,The Tree of Life,0,1,0,"May 27, 2011",154,0,0,0,0,PG-13,0,138,0,13303319
0,3102,30000000,0,0,0,Kill Bill Vol. 1,0,0,0,"October 10, 2003",231,1,0,1,0,R,0,110,0,70099045
0,4366,185000000,0,0,0,The Dark Knight,0,1,0,"July 18, 2008",231,0,0,0,0,PG-13,0,150,1,533345358
0,3754,163000000,0,0,0,Cowboys & Aliens,0,1,0,"July 29, 2011",98,0,0,0,0,PG-13,0,118,1,100240551
0,2447,22000000,0,0,0,Derailed,0,0,0,"November 11, 2005",98,1,0,1,0,R,0,106,0,36024076
0,3020,50000000,0,0,0,"Crazy, Stupid, Love.",0,1,0,"July 29, 2011",119,0,0,0,0,PG-13,0,107,1,84351197
0,2017,19000000,0,0,0,The Switch,0,1,0,"August 20, 2010",91,0,0,0,0,PG-13,0,100,1,27779426
0,3424,50000000,1,0,0,Super 8,0,1,0,"June 10, 2011",112,0,0,0,0,PG-13,0,112,0,127004179
1,3620,110000000,0,0,0,Ghost Rider,0,1,0,"February 16, 2007",77,0,0,0,0,PG-13,0,110,0,115802596
0,2323,20500000,0,0,0,Pulse,0,1,0,"August 11, 2006",63,0,0,0,0,PG-13,0,90,1,20264436
0,207,3000000,0,0,0,Love's Abiding Joy,0,0,0,"October 6, 2006",21,0,1,1,0,PG,0,87,0,252726
0,2860,10000000,0,0,0,SwimFan,0,1,0,"September 6, 2002",91,0,0,0,0,PG-13,0,86,1,28564995
0,3424,43000000,1,0,0,Monster-in-Law,0,1,0,"May 13, 2005",119,0,0,0,0,PG-13,0,95,0,82931301
0,3020,65000000,0,0,0,Astro Boy,0,0,0,"October 23, 2009",91,0,1,1,0,PG,0,94,0,19551067
1,3030,42000000,0,0,0,Red Riding Hood,0,1,0,"March 11, 2011",77,0,0,0,0,PG-13,0,100,0,37662162
1,2400,23000000,0,0,0,Chasing Liberty,0,1,0,"January 9, 2004",56,0,0,0,0,PG-13,0,111,0,12195626
0,2002,700000,1,0,0,Dope,0,0,0,"June 19, 2015",91,1,0,0,0,R,0,115,0,17506470
0,3180,30000000,0,0,0,District 9,0,0,0,"August 14, 2009",84,1,0,0,0,R,0,113,1,115646235
0,3494,120000000,0,0,0,"I, Robot",0,1,0,"July 16, 2004",168,0,0,0,0,PG-13,0,105,1,144801023
0,3752,165000000,0,0,0,Wreck-It Ralph,0,0,0,"November 2, 2012",182,0,1,1,0,PG,0,108,0,189422889
0,2001,12000000,1,0,0,From Justin to Kelly,0,0,0,"June 20, 2003",35,0,1,0,0,PG,0,81,0,4928883
0,3088,15000000,0,0,0,Halloween II (2009),0,0,0,"August 28, 2009",91,1,0,0,0,R,0,101,1,33392973
0,3733,60000000,0,0,0,The Village,0,1,0,"July 30, 2004",126,0,0,0,0,PG-13,0,108,1,114197520
1,2913,45000000,0,0,0,The Last Stand,0,0,0,"January 18, 2013",42,1,0,0,0,R,0,107,0,12050299
1,2707,40000000,0,0,0,The Lincoln Lawyer,0,0,0,"March 18, 2011",126,1,0,0,0,R,0,119,0,58009200
0,396,30000000,0,0,0,The Quiet American,0,0,0,"November 22, 2002",259,1,0,1,0,R,0,118,0,12988801
0,5,15000,1,0,0,Breaking Upwards,0,0,0,"April 2, 2010",49,0,0,0,0,Unrated,1,89,0,77389
1,2609,50000000,0,0,1,Curious George,0,0,0,"February 10, 2006",84,0,0,0,0,G,0,86,0,58360760
0,3074,70000000,0,0,0,Couples Retreat,0,1,0,"October 9, 2009",119,0,0,1,0,PG-13,0,107,0,109204945
0,2213,21000000,0,0,0,Swing Vote,0,1,0,"August 1, 2008",77,0,0,0,0,PG-13,0,100,1,16289867
0,3515,37000000,0,0,0,Dolphin Tale,0,0,0,"September 23, 2011",126,0,1,0,0,PG,0,112,1,72286779
0,2936,26000000,0,0,0,The Best of Me,0,1,0,"October 17, 2014",91,0,0,1,0,PG-13,0,117,0,26766213
0,3041,25000000,1,0,0,Rugrats Go Wild,0,0,0,"June 13, 2003",105,0,1,0,0,PG,0,81,0,39402572
0,24,15000000,0,0,0,Buffalo Soldiers,0,0,0,"July 25, 2003",70,1,0,0,0,R,0,98,1,354421
0,2459,25000000,1,0,0,Dance Flick,0,1,0,"May 22, 2009",63,0,0,0,0,PG-13,0,83,0,25662155
1,3776,75000000,0,0,0,Robots,0,0,0,"March 11, 2005",182,0,1,0,0,PG,0,90,0,128200012
1,3355,55000000,0,0,0,Paddington,0,0,0,"January 16, 2015",154,0,1,0,0,PG,0,95,0,76223578
0,2502,30000000,1,0,0,A Lot Like Love,0,1,0,"April 22, 2005",77,0,0,0,0,PG-13,0,97,0,21845719
1,1811,20000000,0,0,0,Fired Up,0,1,0,"February 20, 2009",49,0,0,0,0,PG-13,0,90,0,17231291
1,3454,105000000,0,0,0,"10,000 B.C.",0,1,0,"March 7, 2008",105,0,0,0,0,PG-13,0,109,0,94784201
1,1020,6500000,0,0,0,Thank You for Smoking,0,0,0,"March 17, 2006",182,1,0,0,0,R,0,92,0,24793509
0,517,20000000,0,0,0,Proof,0,1,0,"September 16, 2005",70,0,0,0,0,PG-13,0,99,1,7535331
0,2756,19000000,0,0,0,Without a Paddle,0,1,0,"August 20, 2004",147,0,0,0,0,PG-13,0,99,1,58169327
1,750,44000000,0,0,0,Isn't She Great,0,0,0,"January 28, 2000",28,1,0,0,0,R,0,96,0,2962465
1,2441,23000000,0,0,0,Haywire,0,0,0,"January 20, 2012",63,1,0,0,0,R,0,93,0,18942396
0,1304,9000000,0,0,0,Undiscovered,0,1,0,"August 26, 2005",14,0,0,0,0,PG-13,0,92,1,1069318
0,2,30000,0,0,0,Down Terrace,0,0,0,"October 15, 2010",21,1,0,1,0,R,0,89,0,9812
1,3411,25000000,0,0,0,Cloverfield,0,1,0,"January 18, 2008",84,0,0,0,0,PG-13,0,84,0,80048433
0,2936,25000000,1,0,0,The Losers,0,1,0,"April 23, 2010",63,0,0,0,0,PG-13,0,98,0,23591432
1,2838,27000000,0,0,0,Limitless,0,1,0,"March 18, 2011",112,0,0,0,0,PG-13,0,105,0,79249455
0,69,6000000,0,0,0,"Surfer, Dude",0,0,0,"September 5, 2008",21,1,0,0,0,R,0,88,1,52132
0,203,6000000,0,0,0,The Guard,0,0,0,"July 29, 2011",196,1,0,0,0,R,0,96,1,5360274
0,3886,175000000,1,0,0,Up,0,0,0,"May 29, 2009",161,0,1,0,0,PG,0,96,0,293004164
0,1379,7000000,1,0,0,Redbelt,0,0,0,"May 2, 2008",77,1,0,0,0,R,0,99,0,2345941
0,2341,25000000,0,0,0,Igor,0,0,0,"September 19, 2008",126,0,1,0,0,PG,0,86,1,19528602
1,2465,15000000,0,0,0,The Hills Have Eyes 2,0,0,0,"March 23, 2007",77,1,0,0,0,R,0,89,0,20804166
0,245,5000000,1,0,0,Everything Must Go,0,0,0,"May 13, 2011",126,1,0,0,0,R,0,100,0,2711643
1,120,12000000,0,0,0,Married Life,0,1,0,"March 7, 2008",119,0,0,0,0,PG-13,0,90,0,1507990
0,226,15000000,0,0,0,"Kiss Kiss, Bang Bang",0,0,0,"October 21, 2005",84,1,0,1,0,R,0,102,0,4243756
1,3665,52000000,0,0,0,Valentine's Day,0,1,0,"February 12, 2010",84,0,0,0,0,PG-13,0,117,0,110485654
1,1959,17000000,0,0,0,Beastly,0,1,0,"March 4, 2011",77,0,0,0,0,PG-13,0,95,0,27865571
0,2925,100000000,0,0,0,What Lies Beneath,0,1,0,"July 21, 2000",196,0,0,0,0,PG-13,0,130,1,155464351
1,3111,80000000,0,0,0,The Book of Eli,0,0,0,"January 15, 2010",119,1,0,0,0,R,0,118,0,94835059
0,143,15000000,0,0,0,"Lust, Caution",0,0,1,"September 28, 2007",119,0,0,0,0,NC-17,0,158,1,4604982
0,2579,12000000,0,0,0,Employee of the Month,0,1,0,"October 6, 2006",56,0,0,1,0,PG-13,0,103,0,28444855
0,3464,60000000,0,0,0,The Boxtrolls,0,0,0,"September 26, 2014",133,0,1,0,0,PG,0,97,1,50837305
0,1437,4000000,0,0,0,The Rules of Attraction,0,0,0,"October 11, 2002",42,1,0,1,0,R,0,110,0,6532619
0,3219,130000000,1,0,0,Kingdom of Heaven,0,0,0,"May 6, 2005",119,1,0,0,0,R,0,145,0,47398413
0,441,100000,0,0,0,Facing the Giants,0,0,0,"September 29, 2006",119,0,1,0,0,PG,0,111,1,10178331
0,8,500000,1,0,0,The Great New Wonderful,0,0,0,"June 23, 2006",98,1,0,0,0,R,0,87,0,150142
0,2974,8000000,0,0,0,Easy A,0,1,0,"September 17, 2010",98,0,0,0,0,PG-13,0,92,1,58401464
0,2170,60000000,0,0,0,Invictus,0,1,0,"December 11, 2009",105,0,0,1,0,PG-13,0,132,0,37491364
0,2874,1800000,0,0,0,The Last Exorcism,0,1,0,"August 27, 2010",42,0,0,0,0,PG-13,0,100,1,41034350
0,2992,80000000,0,0,0,Surrogates,0,1,0,"September 25, 2009",70,0,0,0,0,PG-13,0,89,1,38577772
0,2698,85000000,0,0,0,The Holiday,0,1,0,"December 8, 2006",56,0,0,1,0,PG-13,0,136,0,63224849
0,1572,10000000,0,0,0,Turistas,0,0,0,"December 1, 2006",56,1,0,1,0,R,0,92,0,7027762
0,3031,12000000,0,0,0,Paper Towns,0,1,0,"July 24, 2015",84,0,0,0,0,PG-13,0,109,1,32000304
1,2615,4000000,0,0,0,The Boy Next Door,0,0,0,"January 23, 2015",49,1,0,0,0,R,0,91,0,35423380
0,1359,20000000,0,0,0,The Last Kiss (2006),0,0,0,"September 15, 2006",42,1,0,0,0,R,0,104,1,11614790
0,2976,30000000,0,0,0,Larry Crowne,0,1,0,"July 1, 2011",49,0,0,0,0,PG-13,0,99,1,35608245
0,3237,28000000,0,0,0,Last Vegas,0,1,0,"November 1, 2013",112,0,0,1,0,PG-13,0,90,0,63914167
1,2985,37000000,0,0,0,The Rite,0,1,0,"January 28, 2011",70,0,0,0,0,PG-13,0,112,0,33047633
0,2042,20000000,0,0,0,Let Me In,0,0,0,"October 1, 2010",70,1,0,1,0,R,0,115,0,12134935
0,883,50000000,0,0,0,Pirate Radio,0,0,0,"November 13, 2009",56,1,0,1,0,R,0,115,0,8017917
0,2951,35000000,0,0,0,School of Rock,0,1,0,"October 3, 2003",154,0,0,1,0,PG-13,0,110,0,81261177
0,387,250000,1,0,0,Better Luck Tomorrow,0,0,0,"April 11, 2003",77,1,0,0,0,R,0,98,0,3802390
0,1110,5000000,0,1,0,Dallas Buyers Club,1,0,0,"November 1, 2013",182,1,0,1,0,R,0,117,0,27298285
